"gene","organ","n_instruments","IVW_beta","IVW_p","Egger_beta","Egger_p","WeightedMedian_beta","WeightedMedian_p","Egger_intercept_p","Cochran_Q_p","F_statistic","verdict"
"ADAMTS3","Liver",0,NA,NA,NA,NA,NA,NA,NA,NA,NA,"No eQTLGen instruments available (Logged)"
"ADAMTS3","Kidney",0,NA,NA,NA,NA,NA,NA,NA,NA,NA,"No eQTLGen instruments available (Logged)"
"ADAMTS3","Lung",0,NA,NA,NA,NA,NA,NA,NA,NA,NA,"No eQTLGen instruments available (Logged)"
"ADAMTS3","Skin",0,NA,NA,NA,NA,NA,NA,NA,NA,NA,"No eQTLGen instruments available (Logged)"
"ADAMTS4","Liver",1,-1.35028869787004,0.0107090819420796,NA,NA,NA,NA,NA,NA,37.60265041,"Pass (Single instrument - Clean Wald Ratio)"
"ADAMTS4","Kidney",0,NA,NA,NA,NA,NA,NA,NA,NA,NA,"No eQTLGen instruments available (Logged)"
"ADAMTS4","Lung",1,1.23604279624135,0.119856429761666,NA,NA,NA,NA,NA,NA,37.60265041,"Not Significant (IVW p>=0.05)"
"ADAMTS4","Skin",1,1.61721493724879,0.252817009538766,NA,NA,NA,NA,NA,NA,37.60265041,"Not Significant (IVW p>=0.05)"
"ADAMTS5","Liver",1,-0.840102691873411,0.221315043676284,NA,NA,NA,NA,NA,NA,121.90809744,"Not Significant (IVW p>=0.05)"
"ADAMTS5","Kidney",0,NA,NA,NA,NA,NA,NA,NA,NA,NA,"No eQTLGen instruments available (Logged)"
"ADAMTS5","Lung",1,-0.680023502384065,0.488373119445265,NA,NA,NA,NA,NA,NA,121.90809744,"Not Significant (IVW p>=0.05)"
"ADAMTS5","Skin",1,-2.6285571771759,0.133761776354434,NA,NA,NA,NA,NA,NA,121.90809744,"Not Significant (IVW p>=0.05)"
"ADAMTS9","Liver",0,NA,NA,NA,NA,NA,NA,NA,NA,NA,"No eQTLGen instruments available (Logged)"
"ADAMTS9","Kidney",0,NA,NA,NA,NA,NA,NA,NA,NA,NA,"No eQTLGen instruments available (Logged)"
"ADAMTS9","Lung",0,NA,NA,NA,NA,NA,NA,NA,NA,NA,"No eQTLGen instruments available (Logged)"
"ADAMTS9","Skin",0,NA,NA,NA,NA,NA,NA,NA,NA,NA,"No eQTLGen instruments available (Logged)"
"AEBP1","Liver",1,-0.0848907293804518,0.574893159668693,NA,NA,NA,NA,NA,NA,493.48845316,"Not Significant (IVW p>=0.05)"
"AEBP1","Kidney",1,0.222536523320591,0.0455002638963584,NA,NA,NA,NA,NA,NA,493.48845316,"Pass (Single instrument - Clean Wald Ratio)"
"AEBP1","Lung",1,-0.164891218660934,0.440996464466055,NA,NA,NA,NA,NA,NA,493.48845316,"Not Significant (IVW p>=0.05)"
"AEBP1","Skin",1,0.0253699286278463,0.947004358279711,NA,NA,NA,NA,NA,NA,493.48845316,"Not Significant (IVW p>=0.05)"
"ANGPT1","Liver",1,0.0385475060292381,0.638295893910707,NA,NA,NA,NA,NA,NA,2216.56406416,"Not Significant (IVW p>=0.05)"
"ANGPT1","Kidney",1,0.0930110656047634,0.0955807045456294,NA,NA,NA,NA,NA,NA,2216.56406416,"Not Significant (IVW p>=0.05)"
"ANGPT1","Lung",1,0.0577360609077632,0.619829528414235,NA,NA,NA,NA,NA,NA,2216.56406416,"Not Significant (IVW p>=0.05)"
"ANGPT1","Skin",1,0.233922085907455,0.25804293816823,NA,NA,NA,NA,NA,NA,2216.56406416,"Not Significant (IVW p>=0.05)"
"ASPN","Liver",0,NA,NA,NA,NA,NA,NA,NA,NA,NA,"No eQTLGen instruments available (Logged)"
"ASPN","Kidney",0,NA,NA,NA,NA,NA,NA,NA,NA,NA,"No eQTLGen instruments available (Logged)"
"ASPN","Lung",0,NA,NA,NA,NA,NA,NA,NA,NA,NA,"No eQTLGen instruments available (Logged)"
"ASPN","Skin",0,NA,NA,NA,NA,NA,NA,NA,NA,NA,"No eQTLGen instruments available (Logged)"
"BGN","Liver",0,NA,NA,NA,NA,NA,NA,NA,NA,NA,"No eQTLGen instruments available (Logged)"
"BGN","Kidney",0,NA,NA,NA,NA,NA,NA,NA,NA,NA,"No eQTLGen instruments available (Logged)"
"BGN","Lung",0,NA,NA,NA,NA,NA,NA,NA,NA,NA,"No eQTLGen instruments available (Logged)"
"BGN","Skin",0,NA,NA,NA,NA,NA,NA,NA,NA,NA,"No eQTLGen instruments available (Logged)"
"BMP1","Liver",1,0.13141179333594,0.477939814345847,NA,NA,NA,NA,NA,NA,524.93683225,"Not Significant (IVW p>=0.05)"
"BMP1","Kidney",0,NA,NA,NA,NA,NA,NA,NA,NA,NA,"No eQTLGen instruments available (Logged)"
"BMP1","Lung",1,0.0629797029119918,0.809991646712803,NA,NA,NA,NA,NA,NA,524.93683225,"Not Significant (IVW p>=0.05)"
"BMP1","Skin",1,0.508731693668919,0.27439222984,NA,NA,NA,NA,NA,NA,524.93683225,"Not Significant (IVW p>=0.05)"
"C1QB","Liver",1,-0.0565701570476941,0.442629327999702,NA,NA,NA,NA,NA,NA,2884.05517156,"Not Significant (IVW p>=0.05)"
"C1QB","Kidney",1,-0.00165421424449944,0.975070165131246,NA,NA,NA,NA,NA,NA,2884.05517156,"Not Significant (IVW p>=0.05)"
"C1QB","Lung",1,0.00610527468074386,0.953312980835592,NA,NA,NA,NA,NA,NA,2884.05517156,"Not Significant (IVW p>=0.05)"
"C1QB","Skin",1,-0.396670650545499,0.0329567911441782,NA,NA,NA,NA,NA,NA,2884.05517156,"Pass (Single instrument - Clean Wald Ratio)"
"C1QC","Liver",1,-0.201092111943988,0.354107569660305,NA,NA,NA,NA,NA,NA,362.04195076,"Not Significant (IVW p>=0.05)"
"C1QC","Kidney",1,0.0130960756155026,0.93436605637943,NA,NA,NA,NA,NA,NA,362.04195076,"Not Significant (IVW p>=0.05)"
"C1QC","Lung",1,0.0924114286034244,0.763169723769251,NA,NA,NA,NA,NA,NA,362.04195076,"Not Significant (IVW p>=0.05)"
"C1QC","Skin",1,-1.41381490609076,0.00993797833667376,NA,NA,NA,NA,NA,NA,362.04195076,"Pass (Single instrument - Clean Wald Ratio)"
"CCL18","Liver",0,NA,NA,NA,NA,NA,NA,NA,NA,NA,"No eQTLGen instruments available (Logged)"
"CCL18","Kidney",0,NA,NA,NA,NA,NA,NA,NA,NA,NA,"No eQTLGen instruments available (Logged)"
"CCL18","Lung",0,NA,NA,NA,NA,NA,NA,NA,NA,NA,"No eQTLGen instruments available (Logged)"
"CCL18","Skin",0,NA,NA,NA,NA,NA,NA,NA,NA,NA,"No eQTLGen instruments available (Logged)"
"CCL19","Liver",0,NA,NA,NA,NA,NA,NA,NA,NA,NA,"No eQTLGen instruments available (Logged)"
"CCL19","Kidney",0,NA,NA,NA,NA,NA,NA,NA,NA,NA,"No eQTLGen instruments available (Logged)"
"CCL19","Lung",0,NA,NA,NA,NA,NA,NA,NA,NA,NA,"No eQTLGen instruments available (Logged)"
"CCL19","Skin",0,NA,NA,NA,NA,NA,NA,NA,NA,NA,"No eQTLGen instruments available (Logged)"
"CCL2","Liver",1,-0.964474912496152,0.46536626486062,NA,NA,NA,NA,NA,NA,43.401744,"Not Significant (IVW p>=0.05)"
"CCL2","Kidney",0,NA,NA,NA,NA,NA,NA,NA,NA,NA,"No eQTLGen instruments available (Logged)"
"CCL2","Lung",1,-1.79065875316294,0.341503436052545,NA,NA,NA,NA,NA,NA,43.401744,"Not Significant (IVW p>=0.05)"
"CCL2","Skin",1,4.86346166570867,0.149114886525454,NA,NA,NA,NA,NA,NA,43.401744,"Not Significant (IVW p>=0.05)"
"CCL21","Liver",0,NA,NA,NA,NA,NA,NA,NA,NA,NA,"No eQTLGen instruments available (Logged)"
"CCL21","Kidney",0,NA,NA,NA,NA,NA,NA,NA,NA,NA,"No eQTLGen instruments available (Logged)"
"CCL21","Lung",0,NA,NA,NA,NA,NA,NA,NA,NA,NA,"No eQTLGen instruments available (Logged)"
"CCL21","Skin",0,NA,NA,NA,NA,NA,NA,NA,NA,NA,"No eQTLGen instruments available (Logged)"
"CCL4","Liver",1,0.078990807689912,0.513070848305872,NA,NA,NA,NA,NA,NA,819.66544804,"Not Significant (IVW p>=0.05)"
"CCL4","Kidney",1,-0.208521352668888,0.00547320357248826,NA,NA,NA,NA,NA,NA,819.66544804,"Pass (Single instrument - Clean Wald Ratio)"
"CCL4","Lung",1,0.0385591846757432,0.822915259509433,NA,NA,NA,NA,NA,NA,819.66544804,"Not Significant (IVW p>=0.05)"
"CCL4","Skin",1,0.717263408056333,0.0181838575291526,NA,NA,NA,NA,NA,NA,819.66544804,"Pass (Single instrument - Clean Wald Ratio)"
"CCL5","Liver",1,-0.474318372485291,0.129814158540327,NA,NA,NA,NA,NA,NA,267.02501281,"Not Significant (IVW p>=0.05)"
"CCL5","Kidney",0,NA,NA,NA,NA,NA,NA,NA,NA,NA,"No eQTLGen instruments available (Logged)"
"CCL5","Lung",1,0.404073905265687,0.362408447384829,NA,NA,NA,NA,NA,NA,267.02501281,"Not Significant (IVW p>=0.05)"
"CCL5","Skin",1,-0.0878792102033383,0.911662284757785,NA,NA,NA,NA,NA,NA,267.02501281,"Not Significant (IVW p>=0.05)"
"CCN2","Liver",0,NA,NA,NA,NA,NA,NA,NA,NA,NA,"No eQTLGen instruments available (Logged)"
"CCN2","Kidney",0,NA,NA,NA,NA,NA,NA,NA,NA,NA,"No eQTLGen instruments available (Logged)"
"CCN2","Lung",0,NA,NA,NA,NA,NA,NA,NA,NA,NA,"No eQTLGen instruments available (Logged)"
"CCN2","Skin",0,NA,NA,NA,NA,NA,NA,NA,NA,NA,"No eQTLGen instruments available (Logged)"
"COL15A1","Liver",1,0.525142122698581,0.447193073288399,NA,NA,NA,NA,NA,NA,106.47763344,"Not Significant (IVW p>=0.05)"
"COL15A1","Kidney",0,NA,NA,NA,NA,NA,NA,NA,NA,NA,"No eQTLGen instruments available (Logged)"
"COL15A1","Lung",1,-0.89815283453499,0.358362038814089,NA,NA,NA,NA,NA,NA,106.47763344,"Not Significant (IVW p>=0.05)"
"COL15A1","Skin",1,2.57124621350168,0.137325774579982,NA,NA,NA,NA,NA,NA,106.47763344,"Not Significant (IVW p>=0.05)"
"COL1A1","Liver",1,1.20923551526779,0.0642751507877721,NA,NA,NA,NA,NA,NA,64.60140625,"Not Significant (IVW p>=0.05)"
"COL1A1","Kidney",0,NA,NA,NA,NA,NA,NA,NA,NA,NA,"No eQTLGen instruments available (Logged)"
"COL1A1","Lung",1,-0.0971239848873182,0.916595923220454,NA,NA,NA,NA,NA,NA,64.60140625,"Not Significant (IVW p>=0.05)"
"COL1A1","Skin",1,0.449853143685509,0.783954242914085,NA,NA,NA,NA,NA,NA,64.60140625,"Not Significant (IVW p>=0.05)"
"COL1A2","Liver",0,NA,NA,NA,NA,NA,NA,NA,NA,NA,"No eQTLGen instruments available (Logged)"
"COL1A2","Kidney",0,NA,NA,NA,NA,NA,NA,NA,NA,NA,"No eQTLGen instruments available (Logged)"
"COL1A2","Lung",0,NA,NA,NA,NA,NA,NA,NA,NA,NA,"No eQTLGen instruments available (Logged)"
"COL1A2","Skin",0,NA,NA,NA,NA,NA,NA,NA,NA,NA,"No eQTLGen instruments available (Logged)"
"COL3A1","Liver",0,NA,NA,NA,NA,NA,NA,NA,NA,NA,"No eQTLGen instruments available (Logged)"
"COL3A1","Kidney",0,NA,NA,NA,NA,NA,NA,NA,NA,NA,"No eQTLGen instruments available (Logged)"
"COL3A1","Lung",0,NA,NA,NA,NA,NA,NA,NA,NA,NA,"No eQTLGen instruments available (Logged)"
"COL3A1","Skin",0,NA,NA,NA,NA,NA,NA,NA,NA,NA,"No eQTLGen instruments available (Logged)"
"COL4A1","Liver",1,0.266479948059731,0.366502603152276,NA,NA,NA,NA,NA,NA,400.920529,"Not Significant (IVW p>=0.05)"
"COL4A1","Kidney",1,-0.036448084702592,0.845206557169377,NA,NA,NA,NA,NA,NA,400.920529,"Not Significant (IVW p>=0.05)"
"COL4A1","Lung",1,0.108620626279778,0.795371165373508,NA,NA,NA,NA,NA,NA,400.920529,"Not Significant (IVW p>=0.05)"
"COL4A1","Skin",1,-0.560758228037757,0.451245385470076,NA,NA,NA,NA,NA,NA,400.920529,"Not Significant (IVW p>=0.05)"
"COL4A2","Liver",1,0.837895376889975,0.207970426558558,NA,NA,NA,NA,NA,NA,48.86709025,"Not Significant (IVW p>=0.05)"
"COL4A2","Kidney",1,-1.09484541001112,0.111251616353198,NA,NA,NA,NA,NA,NA,48.86709025,"Not Significant (IVW p>=0.05)"
"COL4A2","Lung",1,-0.304945000513493,0.74545255161418,NA,NA,NA,NA,NA,NA,48.86709025,"Not Significant (IVW p>=0.05)"
"COL4A2","Skin",1,1.03727181835723,0.53315970013964,NA,NA,NA,NA,NA,NA,48.86709025,"Not Significant (IVW p>=0.05)"
"COL5A2","Liver",1,-1.29110809430924,0.489872918827701,NA,NA,NA,NA,NA,NA,395.25813721,"Not Significant (IVW p>=0.05)"
"COL5A2","Kidney",0,NA,NA,NA,NA,NA,NA,NA,NA,NA,"No eQTLGen instruments available (Logged)"
"COL5A2","Lung",1,-3.97875660199645,0.148587738483298,NA,NA,NA,NA,NA,NA,395.25813721,"Not Significant (IVW p>=0.05)"
"COL5A2","Skin",1,-2.63100239435618,0.589644683823955,NA,NA,NA,NA,NA,NA,395.25813721,"Not Significant (IVW p>=0.05)"
"COL6A3","Liver",1,-0.235335013500712,0.444383402686942,NA,NA,NA,NA,NA,NA,596.15570569,"Not Significant (IVW p>=0.05)"
"COL6A3","Kidney",1,0.002183090877473,0.991451400406244,NA,NA,NA,NA,NA,NA,596.15570569,"Not Significant (IVW p>=0.05)"
"COL6A3","Lung",1,0.474372549129618,0.279159358803259,NA,NA,NA,NA,NA,NA,596.15570569,"Not Significant (IVW p>=0.05)"
"COL6A3","Skin",1,-1.37049351409041,0.0790796333190193,NA,NA,NA,NA,NA,NA,596.15570569,"Not Significant (IVW p>=0.05)"
"COLEC10","Liver",0,NA,NA,NA,NA,NA,NA,NA,NA,NA,"No eQTLGen instruments available (Logged)"
"COLEC10","Kidney",0,NA,NA,NA,NA,NA,NA,NA,NA,NA,"No eQTLGen instruments available (Logged)"
"COLEC10","Lung",0,NA,NA,NA,NA,NA,NA,NA,NA,NA,"No eQTLGen instruments available (Logged)"
"COLEC10","Skin",0,NA,NA,NA,NA,NA,NA,NA,NA,NA,"No eQTLGen instruments available (Logged)"
"COLEC11","Liver",1,0.392428482572063,0.237933362716093,NA,NA,NA,NA,NA,NA,330.46513369,"Not Significant (IVW p>=0.05)"
"COLEC11","Kidney",1,0.236612515780296,0.297566248363504,NA,NA,NA,NA,NA,NA,330.46513369,"Not Significant (IVW p>=0.05)"
"COLEC11","Lung",1,-0.320658227835521,0.496426877278384,NA,NA,NA,NA,NA,NA,330.46513369,"Not Significant (IVW p>=0.05)"
"COLEC11","Skin",1,1.19763790987355,0.156339850335643,NA,NA,NA,NA,NA,NA,330.46513369,"Not Significant (IVW p>=0.05)"
"COMP","Liver",0,NA,NA,NA,NA,NA,NA,NA,NA,NA,"No eQTLGen instruments available (Logged)"
"COMP","Kidney",0,NA,NA,NA,NA,NA,NA,NA,NA,NA,"No eQTLGen instruments available (Logged)"
"COMP","Lung",0,NA,NA,NA,NA,NA,NA,NA,NA,NA,"No eQTLGen instruments available (Logged)"
"COMP","Skin",0,NA,NA,NA,NA,NA,NA,NA,NA,NA,"No eQTLGen instruments available (Logged)"
"CRISPLD2","Liver",1,0.100742258823193,0.114281235647494,NA,NA,NA,NA,NA,NA,3785.00570176,"Not Significant (IVW p>=0.05)"
"CRISPLD2","Kidney",1,0.0430481081191738,0.399729035501385,NA,NA,NA,NA,NA,NA,3785.00570176,"Not Significant (IVW p>=0.05)"
"CRISPLD2","Lung",1,0.0175246426697075,0.84579856691085,NA,NA,NA,NA,NA,NA,3785.00570176,"Not Significant (IVW p>=0.05)"
"CRISPLD2","Skin",1,-0.00970724076060339,0.951828088245923,NA,NA,NA,NA,NA,NA,3785.00570176,"Not Significant (IVW p>=0.05)"
"CTSE","Liver",1,-0.311777948578267,0.0415932590878429,NA,NA,NA,NA,NA,NA,110.37183364,"Pass (Single instrument - Clean Wald Ratio)"
"CTSE","Kidney",0,NA,NA,NA,NA,NA,NA,NA,NA,NA,"No eQTLGen instruments available (Logged)"
"CTSE","Lung",1,-0.0261713283319257,0.903279807477305,NA,NA,NA,NA,NA,NA,110.37183364,"Not Significant (IVW p>=0.05)"
"CTSE","Skin",1,0.364322842726023,0.343256675608797,NA,NA,NA,NA,NA,NA,110.37183364,"Not Significant (IVW p>=0.05)"
"CTSS","Liver",1,0.00510599430121008,0.955644894726535,NA,NA,NA,NA,NA,NA,1514.42392336,"Not Significant (IVW p>=0.05)"
"CTSS","Kidney",0,NA,NA,NA,NA,NA,NA,NA,NA,NA,"No eQTLGen instruments available (Logged)"
"CTSS","Lung",1,-0.323746456223511,0.0128705671559159,NA,NA,NA,NA,NA,NA,1514.42392336,"Pass (Single instrument - Clean Wald Ratio)"
"CTSS","Skin",1,-0.0434023736564081,0.85112230649095,NA,NA,NA,NA,NA,NA,1514.42392336,"Not Significant (IVW p>=0.05)"
"CTSZ","Liver",1,-0.0425432857692003,0.781251062450262,NA,NA,NA,NA,NA,NA,639.69032241,"Not Significant (IVW p>=0.05)"
"CTSZ","Kidney",0,NA,NA,NA,NA,NA,NA,NA,NA,NA,"No eQTLGen instruments available (Logged)"
"CTSZ","Lung",1,-0.201802824345681,0.353123615410285,NA,NA,NA,NA,NA,NA,639.69032241,"Not Significant (IVW p>=0.05)"
"CTSZ","Skin",1,0.923013856318583,0.0167912567705435,NA,NA,NA,NA,NA,NA,639.69032241,"Pass (Single instrument - Clean Wald Ratio)"
"CXCL3","Liver",0,NA,NA,NA,NA,NA,NA,NA,NA,NA,"No eQTLGen instruments available (Logged)"
"CXCL3","Kidney",0,NA,NA,NA,NA,NA,NA,NA,NA,NA,"No eQTLGen instruments available (Logged)"
"CXCL3","Lung",0,NA,NA,NA,NA,NA,NA,NA,NA,NA,"No eQTLGen instruments available (Logged)"
"CXCL3","Skin",0,NA,NA,NA,NA,NA,NA,NA,NA,NA,"No eQTLGen instruments available (Logged)"
"CXCL9","Liver",1,-0.0644395605411092,0.854890050327824,NA,NA,NA,NA,NA,NA,198.88050625,"Not Significant (IVW p>=0.05)"
"CXCL9","Kidney",0,NA,NA,NA,NA,NA,NA,NA,NA,NA,"No eQTLGen instruments available (Logged)"
"CXCL9","Lung",1,-0.109932896415036,0.826579728238666,NA,NA,NA,NA,NA,NA,198.88050625,"Not Significant (IVW p>=0.05)"
"CXCL9","Skin",1,-0.534305504004402,0.550186188805007,NA,NA,NA,NA,NA,NA,198.88050625,"Not Significant (IVW p>=0.05)"
"DCN","Liver",0,NA,NA,NA,NA,NA,NA,NA,NA,NA,"No eQTLGen instruments available (Logged)"
"DCN","Kidney",0,NA,NA,NA,NA,NA,NA,NA,NA,NA,"No eQTLGen instruments available (Logged)"
"DCN","Lung",0,NA,NA,NA,NA,NA,NA,NA,NA,NA,"No eQTLGen instruments available (Logged)"
"DCN","Skin",0,NA,NA,NA,NA,NA,NA,NA,NA,NA,"No eQTLGen instruments available (Logged)"
"EFEMP1","Liver",0,NA,NA,NA,NA,NA,NA,NA,NA,NA,"No eQTLGen instruments available (Logged)"
"EFEMP1","Kidney",0,NA,NA,NA,NA,NA,NA,NA,NA,NA,"No eQTLGen instruments available (Logged)"
"EFEMP1","Lung",0,NA,NA,NA,NA,NA,NA,NA,NA,NA,"No eQTLGen instruments available (Logged)"
"EFEMP1","Skin",0,NA,NA,NA,NA,NA,NA,NA,NA,NA,"No eQTLGen instruments available (Logged)"
"F13A1","Liver",1,0.0992307988349828,0.314080577656283,NA,NA,NA,NA,NA,NA,1771.88799844,"Not Significant (IVW p>=0.05)"
"F13A1","Kidney",0,NA,NA,NA,NA,NA,NA,NA,NA,NA,"No eQTLGen instruments available (Logged)"
"F13A1","Lung",1,0.0880616622875578,0.528289559680248,NA,NA,NA,NA,NA,NA,1771.88799844,"Not Significant (IVW p>=0.05)"
"F13A1","Skin",1,-0.155592377024645,0.53274899899028,NA,NA,NA,NA,NA,NA,1771.88799844,"Not Significant (IVW p>=0.05)"
"FBN1","Liver",1,-0.111602163296747,0.540144485896421,NA,NA,NA,NA,NA,NA,543.10438116,"Not Significant (IVW p>=0.05)"
"FBN1","Kidney",1,-0.0189424614023849,0.895317338291782,NA,NA,NA,NA,NA,NA,543.10438116,"Not Significant (IVW p>=0.05)"
"FBN1","Lung",1,-0.134858959708139,0.601556849958094,NA,NA,NA,NA,NA,NA,543.10438116,"Not Significant (IVW p>=0.05)"
"FBN1","Skin",1,0.0454335694434659,0.921392872598044,NA,NA,NA,NA,NA,NA,543.10438116,"Not Significant (IVW p>=0.05)"
"FGF10","Liver",0,NA,NA,NA,NA,NA,NA,NA,NA,NA,"No eQTLGen instruments available (Logged)"
"FGF10","Kidney",0,NA,NA,NA,NA,NA,NA,NA,NA,NA,"No eQTLGen instruments available (Logged)"
"FGF10","Lung",0,NA,NA,NA,NA,NA,NA,NA,NA,NA,"No eQTLGen instruments available (Logged)"
"FGF10","Skin",0,NA,NA,NA,NA,NA,NA,NA,NA,NA,"No eQTLGen instruments available (Logged)"
"FGF14","Liver",0,NA,NA,NA,NA,NA,NA,NA,NA,NA,"No eQTLGen instruments available (Logged)"
"FGF14","Kidney",0,NA,NA,NA,NA,NA,NA,NA,NA,NA,"No eQTLGen instruments available (Logged)"
"FGF14","Lung",0,NA,NA,NA,NA,NA,NA,NA,NA,NA,"No eQTLGen instruments available (Logged)"
"FGF14","Skin",0,NA,NA,NA,NA,NA,NA,NA,NA,NA,"No eQTLGen instruments available (Logged)"
"FGF7","Liver",0,NA,NA,NA,NA,NA,NA,NA,NA,NA,"No eQTLGen instruments available (Logged)"
"FGF7","Kidney",0,NA,NA,NA,NA,NA,NA,NA,NA,NA,"No eQTLGen instruments available (Logged)"
"FGF7","Lung",0,NA,NA,NA,NA,NA,NA,NA,NA,NA,"No eQTLGen instruments available (Logged)"
"FGF7","Skin",0,NA,NA,NA,NA,NA,NA,NA,NA,NA,"No eQTLGen instruments available (Logged)"
"FGFBP2","Liver",1,-0.0445624246040988,0.618524470800914,NA,NA,NA,NA,NA,NA,2020.65533289,"Not Significant (IVW p>=0.05)"
"FGFBP2","Kidney",1,0.0673124483108543,0.288008758003942,NA,NA,NA,NA,NA,NA,2020.65533289,"Not Significant (IVW p>=0.05)"
"FGFBP2","Lung",1,-0.12265872308993,0.331868120807763,NA,NA,NA,NA,NA,NA,2020.65533289,"Not Significant (IVW p>=0.05)"
"FGFBP2","Skin",1,0.296842353672771,0.188639804312562,NA,NA,NA,NA,NA,NA,2020.65533289,"Not Significant (IVW p>=0.05)"
"FMOD","Liver",0,NA,NA,NA,NA,NA,NA,NA,NA,NA,"No eQTLGen instruments available (Logged)"
"FMOD","Kidney",0,NA,NA,NA,NA,NA,NA,NA,NA,NA,"No eQTLGen instruments available (Logged)"
"FMOD","Lung",0,NA,NA,NA,NA,NA,NA,NA,NA,NA,"No eQTLGen instruments available (Logged)"
"FMOD","Skin",0,NA,NA,NA,NA,NA,NA,NA,NA,NA,"No eQTLGen instruments available (Logged)"
"FSTL1","Liver",1,0.0268474918682476,0.8070195541422,NA,NA,NA,NA,NA,NA,966.58188201,"Not Significant (IVW p>=0.05)"
"FSTL1","Kidney",0,NA,NA,NA,NA,NA,NA,NA,NA,NA,"No eQTLGen instruments available (Logged)"
"FSTL1","Lung",1,-0.0862531059806448,0.579048956556361,NA,NA,NA,NA,NA,NA,966.58188201,"Not Significant (IVW p>=0.05)"
"FSTL1","Skin",1,0.249653669728653,0.3670448720864,NA,NA,NA,NA,NA,NA,966.58188201,"Not Significant (IVW p>=0.05)"
"GDF15","Liver",1,0.200192881233571,0.250765460429236,NA,NA,NA,NA,NA,NA,430.03975876,"Not Significant (IVW p>=0.05)"
"GDF15","Kidney",1,0.232664604129218,0.102768216190316,NA,NA,NA,NA,NA,NA,430.03975876,"Not Significant (IVW p>=0.05)"
"GDF15","Lung",1,-0.179903777222522,0.464827198363251,NA,NA,NA,NA,NA,NA,430.03975876,"Not Significant (IVW p>=0.05)"
"GDF15","Skin",1,0.454021708497756,0.301300103039419,NA,NA,NA,NA,NA,NA,430.03975876,"Not Significant (IVW p>=0.05)"
"IGF1","Liver",0,NA,NA,NA,NA,NA,NA,NA,NA,NA,"No eQTLGen instruments available (Logged)"
"IGF1","Kidney",0,NA,NA,NA,NA,NA,NA,NA,NA,NA,"No eQTLGen instruments available (Logged)"
"IGF1","Lung",0,NA,NA,NA,NA,NA,NA,NA,NA,NA,"No eQTLGen instruments available (Logged)"
"IGF1","Skin",0,NA,NA,NA,NA,NA,NA,NA,NA,NA,"No eQTLGen instruments available (Logged)"
"IGFBP5","Liver",0,NA,NA,NA,NA,NA,NA,NA,NA,NA,"No eQTLGen instruments available (Logged)"
"IGFBP5","Kidney",0,NA,NA,NA,NA,NA,NA,NA,NA,NA,"No eQTLGen instruments available (Logged)"
"IGFBP5","Lung",0,NA,NA,NA,NA,NA,NA,NA,NA,NA,"No eQTLGen instruments available (Logged)"
"IGFBP5","Skin",0,NA,NA,NA,NA,NA,NA,NA,NA,NA,"No eQTLGen instruments available (Logged)"
"IL1A","Liver",0,NA,NA,NA,NA,NA,NA,NA,NA,NA,"No eQTLGen instruments available (Logged)"
"IL1A","Kidney",0,NA,NA,NA,NA,NA,NA,NA,NA,NA,"No eQTLGen instruments available (Logged)"
"IL1A","Lung",0,NA,NA,NA,NA,NA,NA,NA,NA,NA,"No eQTLGen instruments available (Logged)"
"IL1A","Skin",0,NA,NA,NA,NA,NA,NA,NA,NA,NA,"No eQTLGen instruments available (Logged)"
"LAMC3","Liver",1,0.0604896346198785,0.474516186560544,NA,NA,NA,NA,NA,NA,1424.93415289,"Not Significant (IVW p>=0.05)"
"LAMC3","Kidney",1,-0.022290306392037,0.703945415151674,NA,NA,NA,NA,NA,NA,1424.93415289,"Not Significant (IVW p>=0.05)"
"LAMC3","Lung",1,-0.0392450173382328,0.742648442433721,NA,NA,NA,NA,NA,NA,1424.93415289,"Not Significant (IVW p>=0.05)"
"LAMC3","Skin",1,-0.205458357291557,0.335101425518805,NA,NA,NA,NA,NA,NA,1424.93415289,"Not Significant (IVW p>=0.05)"
"LEFTY2","Liver",0,NA,NA,NA,NA,NA,NA,NA,NA,NA,"No eQTLGen instruments available (Logged)"
"LEFTY2","Kidney",0,NA,NA,NA,NA,NA,NA,NA,NA,NA,"No eQTLGen instruments available (Logged)"
"LEFTY2","Lung",0,NA,NA,NA,NA,NA,NA,NA,NA,NA,"No eQTLGen instruments available (Logged)"
"LEFTY2","Skin",0,NA,NA,NA,NA,NA,NA,NA,NA,NA,"No eQTLGen instruments available (Logged)"
"LEP","Liver",1,0.564417358499776,0.168976504232178,NA,NA,NA,NA,NA,NA,87.04143616,"Not Significant (IVW p>=0.05)"
"LEP","Kidney",1,0.124500916292016,0.679972980698277,NA,NA,NA,NA,NA,NA,87.04143616,"Not Significant (IVW p>=0.05)"
"LEP","Lung",1,0.641690927211688,0.270244164868231,NA,NA,NA,NA,NA,NA,87.04143616,"Not Significant (IVW p>=0.05)"
"LEP","Skin",1,0.126406912137796,0.902599482675992,NA,NA,NA,NA,NA,NA,87.04143616,"Not Significant (IVW p>=0.05)"
"LTB","Liver",0,NA,NA,NA,NA,NA,NA,NA,NA,NA,"No eQTLGen instruments available (Logged)"
"LTB","Kidney",0,NA,NA,NA,NA,NA,NA,NA,NA,NA,"No eQTLGen instruments available (Logged)"
"LTB","Lung",0,NA,NA,NA,NA,NA,NA,NA,NA,NA,"No eQTLGen instruments available (Logged)"
"LTB","Skin",0,NA,NA,NA,NA,NA,NA,NA,NA,NA,"No eQTLGen instruments available (Logged)"
"LTBP2","Liver",1,-0.467394081959794,0.027779438091232,NA,NA,NA,NA,NA,NA,275.53676049,"Pass (Single instrument - Clean Wald Ratio)"
"LTBP2","Kidney",1,-0.293707935970646,0.0455002638963584,NA,NA,NA,NA,NA,NA,275.53676049,"Pass (Single instrument - Clean Wald Ratio)"
"LTBP2","Lung",1,-0.0695845009690028,0.816835377661842,NA,NA,NA,NA,NA,NA,275.53676049,"Not Significant (IVW p>=0.05)"
"LTBP2","Skin",1,-0.132491649916358,0.804337625352551,NA,NA,NA,NA,NA,NA,275.53676049,"Not Significant (IVW p>=0.05)"
"LUM","Liver",0,NA,NA,NA,NA,NA,NA,NA,NA,NA,"No eQTLGen instruments available (Logged)"
"LUM","Kidney",0,NA,NA,NA,NA,NA,NA,NA,NA,NA,"No eQTLGen instruments available (Logged)"
"LUM","Lung",0,NA,NA,NA,NA,NA,NA,NA,NA,NA,"No eQTLGen instruments available (Logged)"
"LUM","Skin",0,NA,NA,NA,NA,NA,NA,NA,NA,NA,"No eQTLGen instruments available (Logged)"
"MATN3","Liver",0,NA,NA,NA,NA,NA,NA,NA,NA,NA,"No eQTLGen instruments available (Logged)"
"MATN3","Kidney",0,NA,NA,NA,NA,NA,NA,NA,NA,NA,"No eQTLGen instruments available (Logged)"
"MATN3","Lung",0,NA,NA,NA,NA,NA,NA,NA,NA,NA,"No eQTLGen instruments available (Logged)"
"MATN3","Skin",0,NA,NA,NA,NA,NA,NA,NA,NA,NA,"No eQTLGen instruments available (Logged)"
"MDK","Liver",0,NA,NA,NA,NA,NA,NA,NA,NA,NA,"No eQTLGen instruments available (Logged)"
"MDK","Kidney",0,NA,NA,NA,NA,NA,NA,NA,NA,NA,"No eQTLGen instruments available (Logged)"
"MDK","Lung",0,NA,NA,NA,NA,NA,NA,NA,NA,NA,"No eQTLGen instruments available (Logged)"
"MDK","Skin",0,NA,NA,NA,NA,NA,NA,NA,NA,NA,"No eQTLGen instruments available (Logged)"
"MFAP4","Liver",0,NA,NA,NA,NA,NA,NA,NA,NA,NA,"No eQTLGen instruments available (Logged)"
"MFAP4","Kidney",0,NA,NA,NA,NA,NA,NA,NA,NA,NA,"No eQTLGen instruments available (Logged)"
"MFAP4","Lung",0,NA,NA,NA,NA,NA,NA,NA,NA,NA,"No eQTLGen instruments available (Logged)"
"MFAP4","Skin",0,NA,NA,NA,NA,NA,NA,NA,NA,NA,"No eQTLGen instruments available (Logged)"
"MMP11","Liver",1,-0.147507181437979,0.668146649823352,NA,NA,NA,NA,NA,NA,196.77917284,"Not Significant (IVW p>=0.05)"
"MMP11","Kidney",0,NA,NA,NA,NA,NA,NA,NA,NA,NA,"No eQTLGen instruments available (Logged)"
"MMP11","Lung",1,-0.207586477896951,0.668704088331191,NA,NA,NA,NA,NA,NA,196.77917284,"Not Significant (IVW p>=0.05)"
"MMP11","Skin",1,-0.60656006206275,0.484059362783503,NA,NA,NA,NA,NA,NA,196.77917284,"Not Significant (IVW p>=0.05)"
"MMP12","Liver",0,NA,NA,NA,NA,NA,NA,NA,NA,NA,"No eQTLGen instruments available (Logged)"
"MMP12","Kidney",0,NA,NA,NA,NA,NA,NA,NA,NA,NA,"No eQTLGen instruments available (Logged)"
"MMP12","Lung",0,NA,NA,NA,NA,NA,NA,NA,NA,NA,"No eQTLGen instruments available (Logged)"
"MMP12","Skin",0,NA,NA,NA,NA,NA,NA,NA,NA,NA,"No eQTLGen instruments available (Logged)"
"MUC4","Liver",1,0.0176575423949199,0.947250115348433,NA,NA,NA,NA,NA,NA,386.36226721,"Not Significant (IVW p>=0.05)"
"MUC4","Kidney",0,NA,NA,NA,NA,NA,NA,NA,NA,NA,"No eQTLGen instruments available (Logged)"
"MUC4","Lung",1,-0.274798709410453,0.468824916714201,NA,NA,NA,NA,NA,NA,386.36226721,"Not Significant (IVW p>=0.05)"
"MUC4","Skin",1,0.0635577685606286,0.925061325262784,NA,NA,NA,NA,NA,NA,386.36226721,"Not Significant (IVW p>=0.05)"
"NID1","Liver",1,0.513175336444583,0.094955661119837,NA,NA,NA,NA,NA,NA,204.461401,"Not Significant (IVW p>=0.05)"
"NID1","Kidney",0,NA,NA,NA,NA,NA,NA,NA,NA,NA,"No eQTLGen instruments available (Logged)"
"NID1","Lung",1,0.00192616954461395,0.996466619160353,NA,NA,NA,NA,NA,NA,204.461401,"Not Significant (IVW p>=0.05)"
"NID1","Skin",1,0.25713749630411,0.73955892963672,NA,NA,NA,NA,NA,NA,204.461401,"Not Significant (IVW p>=0.05)"
"PCOLCE2","Liver",1,-1.18543196992368,0.0172207694817643,NA,NA,NA,NA,NA,NA,63.25179961,"Pass (Single instrument - Clean Wald Ratio)"
"PCOLCE2","Kidney",1,0.109667928229244,0.759414305518866,NA,NA,NA,NA,NA,NA,63.25179961,"Not Significant (IVW p>=0.05)"
"PCOLCE2","Lung",1,0.0513615194075267,0.941910149398803,NA,NA,NA,NA,NA,NA,63.25179961,"Not Significant (IVW p>=0.05)"
"PCOLCE2","Skin",1,0.867943317700018,0.488471187840428,NA,NA,NA,NA,NA,NA,63.25179961,"Not Significant (IVW p>=0.05)"
"PDGFD","Liver",1,-0.0852329315855248,0.729268258555084,NA,NA,NA,NA,NA,NA,496.93772241,"Not Significant (IVW p>=0.05)"
"PDGFD","Kidney",1,0.294904333267664,0.123154616073819,NA,NA,NA,NA,NA,NA,496.93772241,"Not Significant (IVW p>=0.05)"
"PDGFD","Lung",1,0.107423287105809,0.756807561161861,NA,NA,NA,NA,NA,NA,496.93772241,"Not Significant (IVW p>=0.05)"
"PDGFD","Skin",1,-1.26847121164546,0.0404756354494245,NA,NA,NA,NA,NA,NA,496.93772241,"Pass (Single instrument - Clean Wald Ratio)"
"PLOD2","Liver",1,0.421237422891048,0.429325538371025,NA,NA,NA,NA,NA,NA,115.60335361,"Not Significant (IVW p>=0.05)"
"PLOD2","Kidney",1,0.182101600765627,0.617075077451974,NA,NA,NA,NA,NA,NA,115.60335361,"Not Significant (IVW p>=0.05)"
"PLOD2","Lung",1,0.640413254103459,0.396819259409183,NA,NA,NA,NA,NA,NA,115.60335361,"Not Significant (IVW p>=0.05)"
"PLOD2","Skin",1,-0.729446037655969,0.586340260951234,NA,NA,NA,NA,NA,NA,115.60335361,"Not Significant (IVW p>=0.05)"
"PLXNA3","Liver",0,NA,NA,NA,NA,NA,NA,NA,NA,NA,"No eQTLGen instruments available (Logged)"
"PLXNA3","Kidney",0,NA,NA,NA,NA,NA,NA,NA,NA,NA,"No eQTLGen instruments available (Logged)"
"PLXNA3","Lung",0,NA,NA,NA,NA,NA,NA,NA,NA,NA,"No eQTLGen instruments available (Logged)"
"PLXNA3","Skin",0,NA,NA,NA,NA,NA,NA,NA,NA,NA,"No eQTLGen instruments available (Logged)"
"PLXND1","Liver",1,0.49132866571295,0.14307766084737,NA,NA,NA,NA,NA,NA,199.79539801,"Not Significant (IVW p>=0.05)"
"PLXND1","Kidney",0,NA,NA,NA,NA,NA,NA,NA,NA,NA,"No eQTLGen instruments available (Logged)"
"PLXND1","Lung",1,-0.290490831763704,0.540358040610052,NA,NA,NA,NA,NA,NA,199.79539801,"Not Significant (IVW p>=0.05)"
"PLXND1","Skin",1,0.972931458629616,0.250794329350819,NA,NA,NA,NA,NA,NA,199.79539801,"Not Significant (IVW p>=0.05)"
"POSTN","Liver",0,NA,NA,NA,NA,NA,NA,NA,NA,NA,"No eQTLGen instruments available (Logged)"
"POSTN","Kidney",0,NA,NA,NA,NA,NA,NA,NA,NA,NA,"No eQTLGen instruments available (Logged)"
"POSTN","Lung",0,NA,NA,NA,NA,NA,NA,NA,NA,NA,"No eQTLGen instruments available (Logged)"
"POSTN","Skin",0,NA,NA,NA,NA,NA,NA,NA,NA,NA,"No eQTLGen instruments available (Logged)"
"PRELP","Liver",0,NA,NA,NA,NA,NA,NA,NA,NA,NA,"No eQTLGen instruments available (Logged)"
"PRELP","Kidney",0,NA,NA,NA,NA,NA,NA,NA,NA,NA,"No eQTLGen instruments available (Logged)"
"PRELP","Lung",0,NA,NA,NA,NA,NA,NA,NA,NA,NA,"No eQTLGen instruments available (Logged)"
"PRELP","Skin",0,NA,NA,NA,NA,NA,NA,NA,NA,NA,"No eQTLGen instruments available (Logged)"
"PRG4","Liver",1,-0.129054264363685,0.54471359594555,NA,NA,NA,NA,NA,NA,533.379025,"Not Significant (IVW p>=0.05)"
"PRG4","Kidney",1,-0.0767084310292946,0.649436283726755,NA,NA,NA,NA,NA,NA,533.379025,"Not Significant (IVW p>=0.05)"
"PRG4","Lung",1,-0.536581611724398,0.0762402054199716,NA,NA,NA,NA,NA,NA,533.379025,"Not Significant (IVW p>=0.05)"
"PRG4","Skin",1,0.229737915511186,0.669948419823547,NA,NA,NA,NA,NA,NA,533.379025,"Not Significant (IVW p>=0.05)"
"PRSS12","Liver",0,NA,NA,NA,NA,NA,NA,NA,NA,NA,"No eQTLGen instruments available (Logged)"
"PRSS12","Kidney",0,NA,NA,NA,NA,NA,NA,NA,NA,NA,"No eQTLGen instruments available (Logged)"
"PRSS12","Lung",0,NA,NA,NA,NA,NA,NA,NA,NA,NA,"No eQTLGen instruments available (Logged)"
"PRSS12","Skin",0,NA,NA,NA,NA,NA,NA,NA,NA,NA,"No eQTLGen instruments available (Logged)"
"S100A6","Liver",1,-0.172839532279975,0.793914016575594,NA,NA,NA,NA,NA,NA,116.69184576,"Not Significant (IVW p>=0.05)"
"S100A6","Kidney",0,NA,NA,NA,NA,NA,NA,NA,NA,NA,"No eQTLGen instruments available (Logged)"
"S100A6","Lung",1,0.89928342109947,0.337906793824248,NA,NA,NA,NA,NA,NA,116.69184576,"Not Significant (IVW p>=0.05)"
"S100A6","Skin",1,-0.405782106034016,0.806955906680719,NA,NA,NA,NA,NA,NA,116.69184576,"Not Significant (IVW p>=0.05)"
"SDC3","Liver",1,-0.343467073525074,0.227841238628631,NA,NA,NA,NA,NA,NA,199.78126336,"Not Significant (IVW p>=0.05)"
"SDC3","Kidney",1,-0.187620625967367,0.404656761927286,NA,NA,NA,NA,NA,NA,199.78126336,"Not Significant (IVW p>=0.05)"
"SDC3","Lung",1,-0.34757221282124,0.387423732645626,NA,NA,NA,NA,NA,NA,199.78126336,"Not Significant (IVW p>=0.05)"
"SDC3","Skin",1,0.98891579856549,0.167638602306292,NA,NA,NA,NA,NA,NA,199.78126336,"Not Significant (IVW p>=0.05)"
"SEMA3E","Liver",0,NA,NA,NA,NA,NA,NA,NA,NA,NA,"No eQTLGen instruments available (Logged)"
"SEMA3E","Kidney",0,NA,NA,NA,NA,NA,NA,NA,NA,NA,"No eQTLGen instruments available (Logged)"
"SEMA3E","Lung",0,NA,NA,NA,NA,NA,NA,NA,NA,NA,"No eQTLGen instruments available (Logged)"
"SEMA3E","Skin",0,NA,NA,NA,NA,NA,NA,NA,NA,NA,"No eQTLGen instruments available (Logged)"
"SEMA6A","Liver",1,0.276832581168094,0.316901768476875,NA,NA,NA,NA,NA,NA,236.38447504,"Not Significant (IVW p>=0.05)"
"SEMA6A","Kidney",1,-0.0034710228093598,0.986702539612635,NA,NA,NA,NA,NA,NA,236.38447504,"Not Significant (IVW p>=0.05)"
"SEMA6A","Lung",1,0.268482457296377,0.494276837170481,NA,NA,NA,NA,NA,NA,236.38447504,"Not Significant (IVW p>=0.05)"
"SEMA6A","Skin",1,0.586114597573289,0.400759153857625,NA,NA,NA,NA,NA,NA,236.38447504,"Not Significant (IVW p>=0.05)"
"SEMA7A","Liver",1,-0.253042496767606,0.639033058773617,NA,NA,NA,NA,NA,NA,51.10677121,"Not Significant (IVW p>=0.05)"
"SEMA7A","Kidney",0,NA,NA,NA,NA,NA,NA,NA,NA,NA,"No eQTLGen instruments available (Logged)"
"SEMA7A","Lung",1,-0.950497464507288,0.213312069181146,NA,NA,NA,NA,NA,NA,51.10677121,"Not Significant (IVW p>=0.05)"
"SEMA7A","Skin",1,0.57031239633993,0.674143649821934,NA,NA,NA,NA,NA,NA,51.10677121,"Not Significant (IVW p>=0.05)"
"SERPINE1","Liver",1,0.482078728787044,0.36719380798672,NA,NA,NA,NA,NA,NA,87.23933604,"Not Significant (IVW p>=0.05)"
"SERPINE1","Kidney",1,-0.322289493653961,0.395325086245385,NA,NA,NA,NA,NA,NA,87.23933604,"Not Significant (IVW p>=0.05)"
"SERPINE1","Lung",1,0.792714613514589,0.294482905458477,NA,NA,NA,NA,NA,NA,87.23933604,"Not Significant (IVW p>=0.05)"
"SERPINE1","Skin",1,-3.32106052466551,0.0136083686517958,NA,NA,NA,NA,NA,NA,87.23933604,"Pass (Single instrument - Clean Wald Ratio)"
"SERPINE2","Liver",1,-0.102684416154093,0.0133074744940167,NA,NA,NA,NA,NA,NA,8687.71262241,"Pass (Single instrument - Clean Wald Ratio)"
"SERPINE2","Kidney",1,-0.0415140417443551,0.142466754827972,NA,NA,NA,NA,NA,NA,8687.71262241,"Not Significant (IVW p>=0.05)"
"SERPINE2","Lung",1,-0.110272428184202,0.0601221790056352,NA,NA,NA,NA,NA,NA,8687.71262241,"Not Significant (IVW p>=0.05)"
"SERPINE2","Skin",1,0.0359438008432114,0.73114598176547,NA,NA,NA,NA,NA,NA,8687.71262241,"Not Significant (IVW p>=0.05)"
"SERPINF2","Liver",1,0.121053555459901,0.153067341770052,NA,NA,NA,NA,NA,NA,1785.83998464,"Not Significant (IVW p>=0.05)"
"SERPINF2","Kidney",0,NA,NA,NA,NA,NA,NA,NA,NA,NA,"No eQTLGen instruments available (Logged)"
"SERPINF2","Lung",1,0.0608685034517524,0.612042148807838,NA,NA,NA,NA,NA,NA,1785.83998464,"Not Significant (IVW p>=0.05)"
"SERPINF2","Skin",1,0.383829509571853,0.0736087844091715,NA,NA,NA,NA,NA,NA,1785.83998464,"Not Significant (IVW p>=0.05)"
"SERPINH1","Liver",1,-0.084182293046016,0.471766537338698,NA,NA,NA,NA,NA,NA,1071.65224321,"Not Significant (IVW p>=0.05)"
"SERPINH1","Kidney",1,0.0593825292906955,0.463355149269596,NA,NA,NA,NA,NA,NA,1071.65224321,"Not Significant (IVW p>=0.05)"
"SERPINH1","Lung",1,0.102632444896635,0.535739596887416,NA,NA,NA,NA,NA,NA,1071.65224321,"Not Significant (IVW p>=0.05)"
"SERPINH1","Skin",1,0.171627386155968,0.560920409166701,NA,NA,NA,NA,NA,NA,1071.65224321,"Not Significant (IVW p>=0.05)"
"SFRP4","Liver",0,NA,NA,NA,NA,NA,NA,NA,NA,NA,"No eQTLGen instruments available (Logged)"
"SFRP4","Kidney",0,NA,NA,NA,NA,NA,NA,NA,NA,NA,"No eQTLGen instruments available (Logged)"
"SFRP4","Lung",0,NA,NA,NA,NA,NA,NA,NA,NA,NA,"No eQTLGen instruments available (Logged)"
"SFRP4","Skin",0,NA,NA,NA,NA,NA,NA,NA,NA,NA,"No eQTLGen instruments available (Logged)"
"SPARCL1","Liver",0,NA,NA,NA,NA,NA,NA,NA,NA,NA,"No eQTLGen instruments available (Logged)"
"SPARCL1","Kidney",0,NA,NA,NA,NA,NA,NA,NA,NA,NA,"No eQTLGen instruments available (Logged)"
"SPARCL1","Lung",0,NA,NA,NA,NA,NA,NA,NA,NA,NA,"No eQTLGen instruments available (Logged)"
"SPARCL1","Skin",0,NA,NA,NA,NA,NA,NA,NA,NA,NA,"No eQTLGen instruments available (Logged)"
"SPP1","Liver",1,0.0111517643298998,0.873004514746868,NA,NA,NA,NA,NA,NA,3230.03535556,"Not Significant (IVW p>=0.05)"
"SPP1","Kidney",1,0.0964451353273689,0.0682232466455102,NA,NA,NA,NA,NA,NA,3230.03535556,"Not Significant (IVW p>=0.05)"
"SPP1","Lung",1,0.0666404773778142,0.499811774599496,NA,NA,NA,NA,NA,NA,3230.03535556,"Not Significant (IVW p>=0.05)"
"SPP1","Skin",1,-0.0204525909561975,0.907518005987888,NA,NA,NA,NA,NA,NA,3230.03535556,"Not Significant (IVW p>=0.05)"
"SRPX","Liver",0,NA,NA,NA,NA,NA,NA,NA,NA,NA,"No eQTLGen instruments available (Logged)"
"SRPX","Kidney",0,NA,NA,NA,NA,NA,NA,NA,NA,NA,"No eQTLGen instruments available (Logged)"
"SRPX","Lung",0,NA,NA,NA,NA,NA,NA,NA,NA,NA,"No eQTLGen instruments available (Logged)"
"SRPX","Skin",0,NA,NA,NA,NA,NA,NA,NA,NA,NA,"No eQTLGen instruments available (Logged)"
"SVEP1","Liver",0,NA,NA,NA,NA,NA,NA,NA,NA,NA,"No eQTLGen instruments available (Logged)"
"SVEP1","Kidney",0,NA,NA,NA,NA,NA,NA,NA,NA,NA,"No eQTLGen instruments available (Logged)"
"SVEP1","Lung",0,NA,NA,NA,NA,NA,NA,NA,NA,NA,"No eQTLGen instruments available (Logged)"
"SVEP1","Skin",0,NA,NA,NA,NA,NA,NA,NA,NA,NA,"No eQTLGen instruments available (Logged)"
"TGFB2","Liver",1,0.413163991826048,0.594991671744471,NA,NA,NA,NA,NA,NA,47.55343681,"Not Significant (IVW p>=0.05)"
"TGFB2","Kidney",1,-0.788495462647519,0.214975394149174,NA,NA,NA,NA,NA,NA,47.55343681,"Not Significant (IVW p>=0.05)"
"TGFB2","Lung",1,0.44032384521363,0.689025420529046,NA,NA,NA,NA,NA,NA,47.55343681,"Not Significant (IVW p>=0.05)"
"TGFB2","Skin",1,0.349054223645304,0.858811894959516,NA,NA,NA,NA,NA,NA,47.55343681,"Not Significant (IVW p>=0.05)"
"TGFB3","Liver",1,0.799264966471217,0.0725264934449954,NA,NA,NA,NA,NA,NA,895.05680625,"Not Significant (IVW p>=0.05)"
"TGFB3","Kidney",0,NA,NA,NA,NA,NA,NA,NA,NA,NA,"No eQTLGen instruments available (Logged)"
"TGFB3","Lung",1,0.721836279624832,0.256221959856097,NA,NA,NA,NA,NA,NA,895.05680625,"Not Significant (IVW p>=0.05)"
"TGFB3","Skin",1,-0.219859086608034,0.842965338992037,NA,NA,NA,NA,NA,NA,895.05680625,"Not Significant (IVW p>=0.05)"
"TGM2","Liver",1,0.555436277897767,0.195404013190061,NA,NA,NA,NA,NA,NA,118.42010041,"Not Significant (IVW p>=0.05)"
"TGM2","Kidney",1,0.246765974331069,0.467058901715173,NA,NA,NA,NA,NA,NA,118.42010041,"Not Significant (IVW p>=0.05)"
"TGM2","Lung",1,0.620010306518189,0.307057227321703,NA,NA,NA,NA,NA,NA,118.42010041,"Not Significant (IVW p>=0.05)"
"TGM2","Skin",1,0.475530370834687,0.658839317063112,NA,NA,NA,NA,NA,NA,118.42010041,"Not Significant (IVW p>=0.05)"
"THBS1","Liver",1,0.0405315523921372,0.581715822324267,NA,NA,NA,NA,NA,NA,2768.48554896,"Not Significant (IVW p>=0.05)"
"THBS1","Kidney",0,NA,NA,NA,NA,NA,NA,NA,NA,NA,"No eQTLGen instruments available (Logged)"
"THBS1","Lung",1,-0.00894223762691986,0.931653943559793,NA,NA,NA,NA,NA,NA,2768.48554896,"Not Significant (IVW p>=0.05)"
"THBS1","Skin",1,0.0736674628254044,0.691825411617901,NA,NA,NA,NA,NA,NA,2768.48554896,"Not Significant (IVW p>=0.05)"
"TIMP1","Liver",0,NA,NA,NA,NA,NA,NA,NA,NA,NA,"No eQTLGen instruments available (Logged)"
"TIMP1","Kidney",0,NA,NA,NA,NA,NA,NA,NA,NA,NA,"No eQTLGen instruments available (Logged)"
"TIMP1","Lung",0,NA,NA,NA,NA,NA,NA,NA,NA,NA,"No eQTLGen instruments available (Logged)"
"TIMP1","Skin",0,NA,NA,NA,NA,NA,NA,NA,NA,NA,"No eQTLGen instruments available (Logged)"
"TIMP4","Liver",0,NA,NA,NA,NA,NA,NA,NA,NA,NA,"No eQTLGen instruments available (Logged)"
"TIMP4","Kidney",0,NA,NA,NA,NA,NA,NA,NA,NA,NA,"No eQTLGen instruments available (Logged)"
"TIMP4","Lung",0,NA,NA,NA,NA,NA,NA,NA,NA,NA,"No eQTLGen instruments available (Logged)"
"TIMP4","Skin",0,NA,NA,NA,NA,NA,NA,NA,NA,NA,"No eQTLGen instruments available (Logged)"
"TNC","Liver",0,NA,NA,NA,NA,NA,NA,NA,NA,NA,"No eQTLGen instruments available (Logged)"
"TNC","Kidney",0,NA,NA,NA,NA,NA,NA,NA,NA,NA,"No eQTLGen instruments available (Logged)"
"TNC","Lung",0,NA,NA,NA,NA,NA,NA,NA,NA,NA,"No eQTLGen instruments available (Logged)"
"TNC","Skin",0,NA,NA,NA,NA,NA,NA,NA,NA,NA,"No eQTLGen instruments available (Logged)"
"TNFAIP6","Liver",1,0.0307805431015729,0.710785048791506,NA,NA,NA,NA,NA,NA,2282.93795601,"Not Significant (IVW p>=0.05)"
"TNFAIP6","Kidney",1,-0.0185639898132494,0.738882680363527,NA,NA,NA,NA,NA,NA,2282.93795601,"Not Significant (IVW p>=0.05)"
"TNFAIP6","Lung",1,-0.223108341332168,0.0573794366542861,NA,NA,NA,NA,NA,NA,2282.93795601,"Not Significant (IVW p>=0.05)"
"TNFAIP6","Skin",1,0.175942441133849,0.401134521748939,NA,NA,NA,NA,NA,NA,2282.93795601,"Not Significant (IVW p>=0.05)"
"VCAN","Liver",1,-0.406284749306906,0.453983186656151,NA,NA,NA,NA,NA,NA,50.16605584,"Not Significant (IVW p>=0.05)"
"VCAN","Kidney",1,0.401370469619503,0.317310507862914,NA,NA,NA,NA,NA,NA,50.16605584,"Not Significant (IVW p>=0.05)"
"VCAN","Lung",1,-0.27825509519459,0.717435554535871,NA,NA,NA,NA,NA,NA,50.16605584,"Not Significant (IVW p>=0.05)"
"VCAN","Skin",1,-0.126432952212861,0.926430814328925,NA,NA,NA,NA,NA,NA,50.16605584,"Not Significant (IVW p>=0.05)"
"VWF","Liver",1,0.00658495720971537,0.94557103908388,NA,NA,NA,NA,NA,NA,1589.68866681,"Not Significant (IVW p>=0.05)"
"VWF","Kidney",1,0.0488100008132486,0.463355149269597,NA,NA,NA,NA,NA,NA,1589.68866681,"Not Significant (IVW p>=0.05)"
"VWF","Lung",1,0.123365945873646,0.366908566281316,NA,NA,NA,NA,NA,NA,1589.68866681,"Not Significant (IVW p>=0.05)"
"VWF","Skin",1,0.00547847886400704,0.982018467085213,NA,NA,NA,NA,NA,NA,1589.68866681,"Not Significant (IVW p>=0.05)"
"WIF1","Liver",0,NA,NA,NA,NA,NA,NA,NA,NA,NA,"No eQTLGen instruments available (Logged)"
"WIF1","Kidney",0,NA,NA,NA,NA,NA,NA,NA,NA,NA,"No eQTLGen instruments available (Logged)"
"WIF1","Lung",0,NA,NA,NA,NA,NA,NA,NA,NA,NA,"No eQTLGen instruments available (Logged)"
"WIF1","Skin",0,NA,NA,NA,NA,NA,NA,NA,NA,NA,"No eQTLGen instruments available (Logged)"
"WNT10B","Liver",1,0.150729118433815,0.572048340967768,NA,NA,NA,NA,NA,NA,210.38052025,"Not Significant (IVW p>=0.05)"
"WNT10B","Kidney",1,-0.072403973031509,0.694073301719966,NA,NA,NA,NA,NA,NA,210.38052025,"Not Significant (IVW p>=0.05)"
"WNT10B","Lung",1,-0.106855624178876,0.77730091919897,NA,NA,NA,NA,NA,NA,210.38052025,"Not Significant (IVW p>=0.05)"
"WNT10B","Skin",1,-0.0148086987011157,0.982398703437311,NA,NA,NA,NA,NA,NA,210.38052025,"Not Significant (IVW p>=0.05)"
"WNT2","Liver",0,NA,NA,NA,NA,NA,NA,NA,NA,NA,"No eQTLGen instruments available (Logged)"
"WNT2","Kidney",0,NA,NA,NA,NA,NA,NA,NA,NA,NA,"No eQTLGen instruments available (Logged)"
"WNT2","Lung",0,NA,NA,NA,NA,NA,NA,NA,NA,NA,"No eQTLGen instruments available (Logged)"
"WNT2","Skin",0,NA,NA,NA,NA,NA,NA,NA,NA,NA,"No eQTLGen instruments available (Logged)"
