Run_ID,Target_Gene,Target_Protein,Structure_Source,Drug_Candidate,Literature_Rationale,Vina_Affinity_kcal_mol,Execution_Status,Execution_Time_sec,Raw_Log_Path,Docked_Poses_PDBQT,Vina_Command
SERPINE2_4DY0_Camostat,SERPINE2,Protease Nexin-1 (Glia-derived nexin),"Experimental X-ray (PDB: 4DY0, 2.35 Å)",Camostat,Clinically approved serine protease inhibitor; attenuates serpin-mediated fibrogenesis (Uno et al. Hepatol Res 2008).,-8.001,COMPLETED,32.63,D:\CSIR\docking\logs\SERPINE2_4DY0_Camostat.log,D:\CSIR\docking\output\SERPINE2_4DY0_Camostat_out.pdbqt,"""D:\CSIR\bin\vina.exe"" --receptor ""D:\CSIR\docking\receptors\SERPINE2_4DY0_experimental.pdbqt"" --ligand ""D:\CSIR\docking\ligands\Camostat.pdbqt"" --center_x 21.88 --center_y -45.6 --center_z 34.87 --size_x 30 --size_y 30 --size_z 30 --exhaustiveness 8 --num_modes 9 --out ""D:\CSIR\docking\output\SERPINE2_4DY0_Camostat_out.pdbqt"""
SERPINE2_4DY0_Nafamostat,SERPINE2,Protease Nexin-1 (Glia-derived nexin),"Experimental X-ray (PDB: 4DY0, 2.35 Å)",Nafamostat,Clinically approved synthetic serine protease inhibitor; blocks serpin proteolytic cascade (Mimura et al. AJP Renal 2010).,-9.264,COMPLETED,16.44,D:\CSIR\docking\logs\SERPINE2_4DY0_Nafamostat.log,D:\CSIR\docking\output\SERPINE2_4DY0_Nafamostat_out.pdbqt,"""D:\CSIR\bin\vina.exe"" --receptor ""D:\CSIR\docking\receptors\SERPINE2_4DY0_experimental.pdbqt"" --ligand ""D:\CSIR\docking\ligands\Nafamostat.pdbqt"" --center_x 21.88 --center_y -45.6 --center_z 34.87 --size_x 30 --size_y 30 --size_z 30 --exhaustiveness 8 --num_modes 9 --out ""D:\CSIR\docking\output\SERPINE2_4DY0_Nafamostat_out.pdbqt"""
SERPINE2_AF_Camostat,SERPINE2,Protease Nexin-1 (Glia-derived nexin),AlphaFold Predicted Model (AF-P07093-F1),Camostat,Full-length predicted model validation for Camostat binding.,-6.247,COMPLETED,41.74,D:\CSIR\docking\logs\SERPINE2_AF_Camostat.log,D:\CSIR\docking\output\SERPINE2_AF_Camostat_out.pdbqt,"""D:\CSIR\bin\vina.exe"" --receptor ""D:\CSIR\docking\receptors\SERPINE2_AF_predicted.pdbqt"" --ligand ""D:\CSIR\docking\ligands\Camostat.pdbqt"" --center_x 3.53 --center_y 0.42 --center_z 2.52 --size_x 30 --size_y 30 --size_z 30 --exhaustiveness 8 --num_modes 9 --out ""D:\CSIR\docking\output\SERPINE2_AF_Camostat_out.pdbqt"""
SERPINF2_AF_Nafamostat,SERPINF2,Alpha-2-antiplasmin,AlphaFold Predicted Model (AF-P08697-F1),Nafamostat,Serpin inhibitor targeting alpha-2-antiplasmin to restore fibrinolytic capacity (Iwaki et al. Kidney Int 2007).,-7.107,COMPLETED,21.09,D:\CSIR\docking\logs\SERPINF2_AF_Nafamostat.log,D:\CSIR\docking\output\SERPINF2_AF_Nafamostat_out.pdbqt,"""D:\CSIR\bin\vina.exe"" --receptor ""D:\CSIR\docking\receptors\SERPINF2_AF_predicted.pdbqt"" --ligand ""D:\CSIR\docking\ligands\Nafamostat.pdbqt"" --center_x 3.41 --center_y 0.82 --center_z -0.2 --size_x 30 --size_y 30 --size_z 30 --exhaustiveness 8 --num_modes 9 --out ""D:\CSIR\docking\output\SERPINF2_AF_Nafamostat_out.pdbqt"""
SERPINF2_AF_Camostat,SERPINF2,Alpha-2-antiplasmin,AlphaFold Predicted Model (AF-P08697-F1),Camostat,Serine protease inhibitor evaluation against SERPINF2 predicted structure.,-6.456,COMPLETED,45.53,D:\CSIR\docking\logs\SERPINF2_AF_Camostat.log,D:\CSIR\docking\output\SERPINF2_AF_Camostat_out.pdbqt,"""D:\CSIR\bin\vina.exe"" --receptor ""D:\CSIR\docking\receptors\SERPINF2_AF_predicted.pdbqt"" --ligand ""D:\CSIR\docking\ligands\Camostat.pdbqt"" --center_x 3.41 --center_y 0.82 --center_z -0.2 --size_x 30 --size_y 30 --size_z 30 --exhaustiveness 8 --num_modes 9 --out ""D:\CSIR\docking\output\SERPINF2_AF_Camostat_out.pdbqt"""
COL1A1_AF_Pirfenidone,COL1A1,Collagen alpha-1(I) chain,AlphaFold Predicted Model (AF-P02452-F1),Pirfenidone,FDA-approved anti-fibrotic; directly suppresses COL1A1 collagen deposition (Noble et al. Lancet 2011).,-5.894,COMPLETED,3.33,D:\CSIR\docking\logs\COL1A1_AF_Pirfenidone.log,D:\CSIR\docking\output\COL1A1_AF_Pirfenidone_out.pdbqt,"""D:\CSIR\bin\vina.exe"" --receptor ""D:\CSIR\docking\receptors\COL1A1_AF_predicted.pdbqt"" --ligand ""D:\CSIR\docking\ligands\Pirfenidone.pdbqt"" --center_x 11.12 --center_y 1.37 --center_z 3.95 --size_x 30 --size_y 30 --size_z 30 --exhaustiveness 8 --num_modes 9 --out ""D:\CSIR\docking\output\COL1A1_AF_Pirfenidone_out.pdbqt"""
COL1A1_AF_Nintedanib,COL1A1,Collagen alpha-1(I) chain,AlphaFold Predicted Model (AF-P02452-F1),Nintedanib,FDA-approved anti-fibrotic; multi-kinase and procollagen fibril assembly inhibitor (Richeldi et al. NEJM 2014).,-6.869,COMPLETED,36.77,D:\CSIR\docking\logs\COL1A1_AF_Nintedanib.log,D:\CSIR\docking\output\COL1A1_AF_Nintedanib_out.pdbqt,"""D:\CSIR\bin\vina.exe"" --receptor ""D:\CSIR\docking\receptors\COL1A1_AF_predicted.pdbqt"" --ligand ""D:\CSIR\docking\ligands\Nintedanib.pdbqt"" --center_x 11.12 --center_y 1.37 --center_z 3.95 --size_x 30 --size_y 30 --size_z 30 --exhaustiveness 8 --num_modes 9 --out ""D:\CSIR\docking\output\COL1A1_AF_Nintedanib_out.pdbqt"""
COL15A1_3N3F_Pirfenidone,COL15A1,Collagen alpha-1(XV) NC1 domain,"Experimental X-ray (PDB: 3N3F, 2.00 Å)",Pirfenidone,Approved anti-fibrotic tested against collagen XV NC1 non-collagenous domain.,-5.195,COMPLETED,3.22,D:\CSIR\docking\logs\COL15A1_3N3F_Pirfenidone.log,D:\CSIR\docking\output\COL15A1_3N3F_Pirfenidone_out.pdbqt,"""D:\CSIR\bin\vina.exe"" --receptor ""D:\CSIR\docking\receptors\COL15A1_3N3F_experimental.pdbqt"" --ligand ""D:\CSIR\docking\ligands\Pirfenidone.pdbqt"" --center_x -5.59 --center_y 10.53 --center_z -8.79 --size_x 30 --size_y 30 --size_z 30 --exhaustiveness 8 --num_modes 9 --out ""D:\CSIR\docking\output\COL15A1_3N3F_Pirfenidone_out.pdbqt"""
COL15A1_3N3F_Nintedanib,COL15A1,Collagen alpha-1(XV) NC1 domain,"Experimental X-ray (PDB: 3N3F, 2.00 Å)",Nintedanib,Approved anti-fibrotic tested against collagen XV NC1 domain.,-7.066,COMPLETED,35.87,D:\CSIR\docking\logs\COL15A1_3N3F_Nintedanib.log,D:\CSIR\docking\output\COL15A1_3N3F_Nintedanib_out.pdbqt,"""D:\CSIR\bin\vina.exe"" --receptor ""D:\CSIR\docking\receptors\COL15A1_3N3F_experimental.pdbqt"" --ligand ""D:\CSIR\docking\ligands\Nintedanib.pdbqt"" --center_x -5.59 --center_y 10.53 --center_z -8.79 --size_x 30 --size_y 30 --size_z 30 --exhaustiveness 8 --num_modes 9 --out ""D:\CSIR\docking\output\COL15A1_3N3F_Nintedanib_out.pdbqt"""
