Name,Term,ES,NES,NOM p-val,FDR q-val,FWER p-val,Tag %,Gene %,Lead_genes
prerank,Epithelial Mesenchymal Transition,-6.171510e-01,-2.459902e+00,0.000000e+00,0.000000e+00,0.000000e+00,86/198,15.66%,SFRP4;THY1;COL6A3;COL4A1;GEM;LUM;VCAM1;CTHRC1;ADAM12;COL1A1;FAP;SERPINE2;ITGB1;MXRA5;SCG2;IGFBP4;COL3A1;COMP;SERPINE1;TNC;CDH11;CXCL12;COL5A2;ECM2;HTRA1;CALU;SPP1;PMEPA1;PLOD2;SGCD;PRRX1;POSTN;CAP2;DAB2;IGFBP2;DPYSL3;CALD1;COL4A2;TPM4;LRRC15;CDH2;NID2;LAMA2;GADD45A;ITGAV;WNT5A;FBLN2;THBS1;COL5A1;FSTL1;LOXL1;PFN2;MMP1;COPA;VCAN;FUCA1;FBN1;IGFBP3;MYLK;IL6;TGM2;MGP;PTHLH;CXCL1;COL12A1;DCN;LOXL2;NNMT;RGS4;NT5E;COL11A1;BASP1;SGCB;GREM1;FBN2;THBS2;TIMP1;OXTR;COL8A2;MMP3;ELN;PCOLCE2;CDH6;DKK1;TNFRSF11B;INHBA
prerank,Protein Secretion,-5.790342e-01,-2.140411e+00,0.000000e+00,0.000000e+00,0.000000e+00,40/95,13.48%,SSPN;CD63;TMX1;PAM;ARFGEF1;ADAM10;CLTC;SEC24D;DNM1L;VPS4B;LMAN1;SEC31A;CLCN3;ARFIP1;ARFGEF2;STX7;NAPG;COPB2;RPS6KA3;ANP32E;ATP6V1H;USO1;ARCN1;SCAMP1;M6PR;AP3B1;COPB1;PPT1;SCRN1;SOD1;SEC22B;GOLGA4;RAB22A;CTSC;LAMP2;ARFGAP3;RAB5A;AP2B1;SNX2;RAB2A
prerank,Angiogenesis,-5.931761e-01,-1.863789e+00,0.000000e+00,8.346304e-04,3.000000e-03,12/36,10.43%,LUM;TNFRSF21;COL3A1;NRP1;COL5A2;SPP1;POSTN;ITGAV;FSTL1;PTK2;VCAN;CCND2
prerank,E2F Targets,-4.693140e-01,-1.850367e+00,0.000000e+00,6.259728e-04,3.000000e-03,99/196,28.08%,CDKN2A;NBN;LBR;PSIP1;PRKDC;NAP1L1;PCNA;STAG1;PNN;ATAD2;BRMS1L;SMC3;SRSF1;HELLS;SMC6;MCM6;MELK;CHEK1;USP1;TOP2A;MAD2L1;DEK;LYAR;SYNCRIP;LUC7L3;ANP32E;MSH2;RAD21;XPO1;PDS5B;SMC4;TRIP13;STMN1;MMS22L;TMPO;PLK4;PRDX4;NUP205;BRCA2;PRPS1;PRIM2;DIAPH3;NUP107;RANBP1;RFC1;SSRP1;KIF4A;RFC3;WEE1;CTCF;HNRNPD;TFRC;HMGB3;TRA2B;XRCC6;CENPE;NOLC1;CDK1;DLGAP5;SMC1A;CCNB2;DSCC1;LMNB1;RPA1;E2F8;CCP110;RACGAP1;BRCA1;HMGB2;MTHFD2;GSPT1;UBE2T;MCM4;MKI67;CHEK2;RAD51AP1;AK2;UBR7;PSMC3IP;RAD50;NUDT21;PTTG1;POLD3;CSE1L;RAN;ILF3;CCNE1;SRSF2;TIMELESS;TIPIN;IPO7;SPC25;DUT;HMMR;BARD1;ING3;MCM3;SPAG5;DEPDC1
prerank,G2-M Checkpoint,-4.655469e-01,-1.837384e+00,0.000000e+00,6.677043e-04,4.000000e-03,104/192,29.18%,E2F3;HNRNPU;SRSF10;ATRX;LBR;PAFAH1B1;BUB3;STAG1;EWSR1;NCL;NUP50;HIF1A;SRSF1;MCM6;DMD;CHEK1;TOP2A;MAD2L1;CENPF;SMC2;SYNCRIP;RAD21;XPO1;PDS5B;SMC4;KIF11;STMN1;PRPF4B;TMPO;ARID4A;SS18;PLK4;RBL1;CUL4A;BRCA2;PRIM2;TTK;CUL3;FBXO5;KPNB1;CUL5;KIF4A;SMARCC1;MARCKS;CTCF;HNRNPD;PBK;HMGB3;CASP8AP2;TRA2B;CENPE;NOLC1;AMD1;CDK1;YTHDC1;SMC1A;CDC6;CCNB2;KNL1;STIL;LMNB1;DBF4;HMGN2;G3BP1;MTF2;DKC1;KIF23;RACGAP1;ODC1;CDC27;CCNA2;GSPT1;MKI67;SLC12A2;ODF2;EXO1;SMAD3;SQLE;KIF15;NEK2;BUB1;HSPA8;PTTG1;RPS6KA5;NOTCH2;RAD23B;NUMA1;ILF3;NUSAP1;SRSF2;TPX2;KIF5B;POLQ;HMMR;BARD1;PRC1;CBX1;MCM3;SFPQ;HIRA;KIF20B;WRN;KPNA2;NASP
prerank,Cholesterol Homeostasis,4.039526e-01,1.784698e+00,0.000000e+00,4.586347e-03,2.000000e-03,23/73,12.68%,FASN;LSS;PCYT2;FDPS;TMEM97;ATF5;ACAT2;EBP;ACSS2;MVD;TRIB3;HMGCS1;LDLR;CBS;SEMA3B;IDI1;NSDHL;MAL2;HMGCR;DHCR7;GSTM2;SREBF2;ABCA2
prerank,Myc Targets V1,-4.204032e-01,-1.658567e+00,0.000000e+00,5.285992e-03,3.800000e-02,72/195,18.80%,HNRNPU;HDAC2;ABCE1;NAP1L1;PCNA;CCT2;BUB3;PABPC1;NPM1;HNRNPR;DDX18;SRSF1;MCM6;RRM1;TCP1;XPOT;PSMD7;USP1;NCBP2;MAD2L1;SSBP1;EIF1AX;DEK;PRDX3;SYNCRIP;CBX3;XPO1;EIF4G2;CNBP;TARDBP;HNRNPA2B1;HNRNPA1;TOMM70;PRDX4;SSB;PABPC4;PWP1;SNRPG;PSMD14;RANBP1;PSMC6;RPL22;COPS5;SERBP1;PSMA4;KPNB1;CCT4;SNRPA1;HSPD1;SMARCC1;HSP90AB1;HNRNPD;PTGES3;TRA2B;XRCC6;DHX15;NOLC1;DDX21;TYMS;NCBP1;G3BP1;CCT5;HPRT1;ODC1;CCNA2;CANX;EIF3J;PSMD1;GSPT1;VBP1;MCM4;RSL1D1
prerank,KRAS Signaling Up,-4.049258e-01,-1.616358e+00,0.000000e+00,8.823236e-03,7.200000e-02,87/197,27.91%,NRP1;ALDH1A3;TMEM176A;SPARCL1;MMP11;SPP1;EPHB2;TMEM176B;CROT;PRRX1;SNAP25;ETS1;ANKH;ADAMDEC1;IGF2;CMKLR1;ITGBL1;ERO1A;IRF8;ST6GAL1;CFH;CFHR2;CXCR4;VWA5A;FUCA1;CBR4;BIRC3;BTC;PTCD2;NGF;SPON1;NIN;CTSS;IGFBP3;PTBP2;CDADC1;F13A1;ADAM17;CCND2;TSPAN1;CFB;IL33;PCP4;EVI5;F2RL1;AKAP12;PLVAP;TRIB2;MMP9;INHBA;TOR1AIP2;RABGAP1L;ZNF277;SDCCAG8;CPE;DCBLD2;C3AR1;DOCK2;PCSK1N;FBXO4;KCNN4;ABCB1;USP12;IL10RA;BPGM;SOX9;PRDM1;GPNMB;SCG5;AVL9;ZNF639;PLEK2;MMP10;MPZL2;CBX8;LCP1;ITGB2;MAP3K1;CXCL10;LAPTM5;FGF9;PECAM1;HDAC9;SATB1;TMEM158;MMD;KIF5C
prerank,Allograft Rejection,-4.012674e-01,-1.599631e+00,0.000000e+00,9.076606e-03,8.500000e-02,75/195,26.65%,THY1;CD28;CCL19;IL2RA;TLR1;ABI1;DYRK3;CDKN2A;ST8SIA4;ETS1;IFNAR2;CCL13;ABCE1;NPM1;HIF1A;TLR6;STAT1;TGFB2;NCK1;IRF8;SRGN;ACVR2A;CXCL9;CD4;MRPL3;GALNT1;IL7;SOCS5;CCL2;JAK2;NLRP3;CTSS;BCAT1;IL6;MTIF2;EIF3A;MAP3K7;CCND2;GLMN;IRF4;EIF4G3;PTPRC;HLA-DOB;UBE2D1;TIMP1;CCL22;MMP9;CD79A;INHBA;LTB;BRCA1;CD86;EIF3J;ICAM1;FAS;CD3G;CCR5;C2;GCNT1;CD80;CD2;CD74;RIPK2;SIT1;CCR2;HLA-DRA;CXCL13;CCR1;RPS3A;ITGB2;LYN;IL27RA;F2R;IKBKB;HLA-DQA1
prerank,UV Response Dn,-4.149551e-01,-1.596297e+00,0.000000e+00,8.253567e-03,8.700000e-02,65/140,27.06%,COL1A1;COL3A1;SERPINE1;NRP1;EFEMP1;COL5A2;MMP16;RUNX1;PLCB4;CAP2;ATRX;LTBP1;DAB2;CDC42BPA;TGFBR2;ATP2C1;AGGF1;VLDLR;DLG1;PRKAR2B;BMPR1A;ACVR2A;SYNJ2;CDON;ANXA4;NIPBL;ADD3;INPP4B;PHF3;SPOP;MET;ATXN1;ATP2B1;PDLIM5;RGS4;MRPS31;COL11A1;YTHDC1;IGF1R;ATRN;HAS2;MAP1B;DDAH1;KCNMA1;BCKDHB;IGFBP5;NEK7;RND3;SMAD3;GCNT1;SDC2;MIOS;NFIB;WDR37;COL1A2;RASA2;NOTCH2;ICA1;KIT;DBP;SIPA1L1;MAGI2;NR1D2;SCAF8;SCHIP1
prerank,Mitotic Spindle,-3.932500e-01,-1.565671e+00,2.105263e-03,1.085020e-02,1.210000e-01,94/198,25.57%,ABI1;CCDC88A;MAPRE1;ITSN1;ROCK1;MYO1E;ARFGEF1;CDC42BPA;PAFAH1B1;TRIO;PPP4R2;PKD2;NEDD9;SMC3;CNTRL;DLG1;NCK1;TOP2A;CENPF;PCM1;APC;LRPPRC;NET1;RASA1;SMC4;ANLN;KIF11;CLIP1;NIN;CTTN;STK38L;KIF3B;CEP250;PALLD;NF1;KIFAP3;BRCA2;TTK;TLK1;CEP57;FBXO5;RFC1;KNTC1;KIF4A;CKAP5;ALS2;FGD6;PDLIM5;HOOK3;MARCKS;ARHGAP5;CDK5RAP2;CENPJ;CENPE;CD2AP;CDK1;DLGAP5;SMC1A;CCNB2;LMNB1;RAB3GAP1;TUBGCP5;RABGAP1;KIF23;RACGAP1;CDC27;RANBP9;PCNT;PCGF5;ECT2;DOCK2;PIF1;TUBGCP3;SOS1;ALMS1;RALBP1;RAPGEF6;MYH10;KIF15;EPB41L2;CEP192;NEK2;BUB1;WASF1;BCL2L11;RASA2;KLC1;NOTCH2;NUMA1;NUSAP1;CLASP1;RICTOR;TPX2;KIF5B
prerank,Coagulation,-3.890462e-01,-1.504114e+00,4.415011e-03,2.192802e-02,2.500000e-01,33/136,15.33%,CFI;A2M;MMP7;F2RL2;PRSS23;COMP;SERPINE1;LGMN;HTRA1;ADAM9;MMP11;C1S;CAPN5;ARF4;PLEK;CTSO;CTSB;THBS1;CFH;MMP1;FBN1;C1QA;CTSK;C3;ACOX2;CTSV;LAMP2;CTSE;CRIP2;CFB;TIMP1;MMP3;MMP9
prerank,Notch Signaling,4.115061e-01,1.489701e+00,3.225806e-02,6.879520e-02,5.800000e-02,12/32,19.93%,FZD5;NOTCH1;ARRB1;KAT2A;APH1A;LFNG;PPARD;DLL1;PSENEN;HEYL;FZD1;RBX1
prerank,Reactive Oxygen Species Pathway,3.608656e-01,1.473239e+00,2.272727e-02,5.044981e-02,6.400000e-02,23/48,22.75%,PDLIM1;FES;PRDX6;PRDX2;NDUFA6;STK25;MGST1;TXNRD1;G6PD;MPO;MSRA;JUNB;ERCC2;PRDX1;CAT;MBP;SBNO2;LAMTOR5;TXNRD2;ATOX1;EGLN2;GLRX2;GLRX
prerank,Interferon Gamma Response,-3.670079e-01,-1.455017e+00,5.353319e-03,3.595866e-02,3.980000e-01,84/195,29.81%,VCAM1;SSPN;C1S;ST8SIA4;CD38;IFNAR2;SLAMF7;SAMHD1;SELP;CMKLR1;ARID5B;HIF1A;STAT1;IRF8;PNPT1;CFH;CXCL9;NMI;BANK1;EIF2AK2;PARP14;PTPN2;IL7;CCL2;JAK2;LGALS3BP;IL6;GBP6;IFIT2;CFB;PFKP;IRF4;CASP7;TDRD7;SOCS3;IFIH1;APOL6;LAP3;CASP8;CD86;MTHFD2;STAT2;STAT3;ICAM1;LATS2;ITGB7;FAS;DDX60;ARL4A;IL10RA;PDE4B;CD69;RAPGEF6;EIF4E3;ZBP1;BPGM;TXNIP;RNF213;PLSCR1;CD74;SAMD9L;RIPK2;RTP4;SP110;TNFAIP6;IFITM3;IFI44L;IDO1;MX2;CASP3;CXCL10;P2RY14;HLA-DQA1;XAF1;ADAR;SPPL2A;CASP4;IFITM2;EPSTI1;NFKB1;TNFAIP3;MX1;FGL2;NOD1
prerank,Hedgehog Signaling,-4.522075e-01,-1.446004e+00,3.846154e-02,3.665954e-02,4.350000e-01,7/36,9.75%,THY1;NRP2;SCG2;NRP1;VLDLR;RASA1;NF1
prerank,Unfolded Protein Response,-3.744836e-01,-1.404276e+00,1.841197e-02,5.425098e-02,5.860000e-01,42/108,25.57%,SSR1;HSP90B1;ALDH18A1;DNAJC3;EIF4A2;NFYB;NPM1;BANF1;SEC31A;PDIA6;ERO1A;HSPA5;XPOT;EIF2AK3;SDAD1;PSAT1;CCL2;HSPA9;EXOSC9;YWHAZ;CNOT6;SLC30A5;EXOC2;PAIP1;NOLC1;FKBP14;NFYA;DKC1;MTHFD2;XBP1;KDELR3;ASNS;NABP1;DCTN1;HYOU1;SPCS3;PARN;DNAJA4;EIF4E;DDX10;PREB;KIF5B
prerank,Androgen Response,-3.657381e-01,-1.344854e+00,4.959631e-02,9.670584e-02,8.170000e-01,32/97,18.86%,ALDH1A3;PMEPA1;ANKH;APPBP2;SEC24D;GNAI3;ARID5B;LMAN1;STEAP4;ITGAV;ACSL3;PGM3;STK39;CDC14B;RPS6KA3;NGLY1;INPP4B;MERTK;IQGAP2;XRCC5;B4GALT1;PDLIM5;KRT8;XRCC6;AKAP12;ADAMTS1;ZBTB10;BMPR1B;CDK6;NCOA4;ELL2;GSR
prerank,mTORC1 Signaling,-3.327705e-01,-1.331587e+00,2.795699e-02,1.047461e-01,8.610000e-01,60/194,19.79%,SYTL2;SSR1;HSP90B1;LGMN;PITPNB;TCEA1;PLOD2;RAB1A;ACTR2;ACTR3;CACYBP;HSPA4;ACSL3;ERO1A;HSPA5;GBE1;VLDLR;TBK1;ATP6V1D;CXCR4;UFM1;ADD3;PSAT1;USO1;UCHL5;HSPA9;M6PR;SKAP2;BCAT1;GCLC;NUP205;PSMD14;CTSC;PSMC6;COPS5;PSMA4;PSPH;GTF2H1;HSPD1;TFRC;ME1;PSMD12;RPN1;CCT6A;RPA1;IDH1;TES;SLC6A6;HPRT1;ATP2A2;CANX;MTHFD2;FKBP2;XBP1;MCM4;GSR;IGFBP5;PSMC2;ASNS;IMMT
prerank,TGF-beta Signaling,-3.801766e-01,-1.291886e+00,1.101377e-01,1.429673e-01,9.390000e-01,13/54,10.90%,SERPINE1;TGFBR1;PMEPA1;LTBP2;RAB31;SKIL;THBS1;BMPR1A;APC;HDAC1;MAP3K7;CTNNB1;ACVR1
prerank,Wnt-beta Catenin Signaling,3.294061e-01,1.290820e+00,9.311741e-02,1.662551e-01,2.580000e-01,15/42,17.23%,NKD1;NOTCH1;KAT2A;HDAC5;NOTCH4;HEY1;NCOR2;HDAC11;AXIN1;PPARD;DLL1;JAG2;FRAT1;TCF7;AXIN2
prerank,IL-6/JAK/STAT3 Signaling,-3.509346e-01,-1.284550e+00,9.484778e-02,1.446229e-01,9.500000e-01,25/87,18.41%,A2M;TNFRSF21;OSMR;IL1R1;PDGFC;IL2RA;IFNAR1;ITGA4;CD38;STAT1;PTPN11;CXCL9;PTPN2;IL6ST;IL7;IL6;CXCL1;SOCS3;PLA2G2A;LTB;IL13RA1;STAT2;STAT3;STAM2;FAS
prerank,Apoptosis,-3.191135e-01,-1.253300e+00,8.026030e-02,1.799727e-01,9.800000e-01,47/160,21.75%,PLPPR4;LUM;PDCD4;ROCK1;CD38;ANKH;DNAJC3;LEF1;DNM1L;NEDD9;PAK1;GADD45A;GPX1;HGF;TGFB2;PPP3R1;TOP2A;PTK2;AVPR1A;BIRC3;MCL1;PPT1;IL6;SOD1;CYLD;CCND2;CTNNB1;DCN;DAP3;WEE1;CASP7;TIMP1;CASP8;BRCA1;MMP2;HMGB2;FAS;GSR;XIAP;CLU;KRT18;CD69;RARA;TXNIP;RNASEL;CD14;CD2
prerank,Glycolysis,-3.090207e-01,-1.233459e+00,8.848614e-02,2.002278e-01,9.910000e-01,51/196,18.32%,FUT8;PLOD2;HS2ST1;ME2;PAM;DLD;UGP2;CAPN5;KIF2A;ERO1A;HSPA5;RPE;VLDLR;MDH1;COL5A1;COPB2;GFPT1;SLC35A3;CXCR4;AGL;VCAN;MERTK;MET;STMN1;NANP;IGFBP3;GCLC;HS6ST2;GPC4;SOD1;B4GALT1;PGM2;PRPS1;AGRN;DCN;NT5E;PFKP;ALDH7A1;ME1;PKP2;TPBG;CDK1;CLDN3;IDH1;CHST6;HDLBP;IL13RA1;KIF20A;COG2;TGFA;KDELR3
prerank,Complement,-3.005756e-01,-1.196935e+00,1.325431e-01,2.564303e-01,9.990000e-01,54/199,19.74%,SERPINE1;CR1;LGMN;ADAM9;C1S;MMP13;COL4A2;ANXA5;CP;GNAI3;PIK3CA;KIF2A;HSPA5;PLEK;CTSO;CTSB;CFH;LIPA;AKAP10;USP16;KYNU;JAK2;C1QA;CTSS;IL6;CTSL;VCPIP1;C3;C1QC;CTSC;CTSV;CXCL1;LAMP2;DOCK10;CD46;GPD2;GZMK;CFB;ME1;USP8;APOBEC3F;CASP7;TIMP1;MMP12;LAP3;PIK3CG;DGKH;GNG2;PRCP;FN1;GNB4;CLU;F5;PREP
prerank,Apical Junction,-2.978134e-01,-1.195606e+00,1.252677e-01,2.476576e-01,9.990000e-01,46/196,18.14%,THY1;MDK;VCAM1;ITGB1;CDH3;CDH11;COL17A1;ADAM9;CD209;ITGB4;NEXN;DLG1;ACTG2;ITGA9;CNTN1;PTK2;VCAN;RASA1;FBN1;SKAP2;MPZL1;LIMA1;NFASC;NF1;CERCAM;B4GALT1;PIK3CB;SYK;LAYN;FLNC;ADAM23;PTPRC;CDH6;MMP9;TNFRSF11B;NRXN2;DSC3;TIAL1;EXOC4;MSN;CAP1;CD86;MMP2;CLDN8;ICAM1;CTNNA1
prerank,p53 Pathway,2.356300e-01,1.187375e+00,0.000000e+00,3.045334e-01,4.820000e-01,58/195,17.54%,DCXR;RXRA;RPL36;NOTCH1;CDH13;SLC3A2;EI24;NDRG1;BAIAP2;PIDD1;MKNK2;HDAC3;CCND3;OSGIN1;EPS8L2;IER3;TRIB3;PMM1;RACK1;PDGFA;CD81;RPL18;NUPR1;TAP1;HMOX1;MXD1;RALGDS;ADA;TSPYL2;CCNK;TNFSF9;CEBPA;WRAP73;KLF4;ZBTB16;POM121;NINJ1;HINT1;COQ8A;HBEGF;BMP2;CCNG1;MAPKAPK3;MXD4;HRAS;PROCR;IRAK1;S100A4;AK1;PLK3;JAG2;TRAFD1;PPP1R15A;EPHX1;SLC19A2;FOS;ABHD4;RAB40C
prerank,Spermatogenesis,-2.997022e-01,-1.159729e+00,2.053872e-01,3.089947e-01,1.000000e+00,36/131,23.54%,TSN;IL13RA2;HSPA4L;RAD17;STRBP;SIRT1;IL12RB2;TOPBP1;MLF1;SLC2A5;NPHP1;TTK;ALOX15;PACRG;PARP2;CDK1;ADCYAP1;ACRV1;PIAS2;CCNB2;DBF4;STAM2;PCSK1N;IDE;CCT6B;ARL4A;GMCL1;SLC12A2;IFT88;SPATA6;CAMK4;SCG5;NEK2;BUB1;CRISP2;GFI1
prerank,Myogenesis,-2.875527e-01,-1.151301e+00,1.823028e-01,3.144122e-01,1.000000e+00,38/198,16.65%,COL6A3;COL15A1;IGF1;ADAM12;COL1A1;ITGB1;COL3A1;SSPN;APLNR;SGCD;ITGB4;COL4A2;EIF4A2;IGFBP7;LAMA2;NCAM1;CNN3;DMD;GNAO1;RB1;AGL;DES;MEF2C;IGFBP3;MYLK;SLN;MYH11;MYH4;AGRN;MYH1;DTNA;MYL6B;ITGA7;MB;TPM3;GJA5;CHRNB1;CASQ2
prerank,PI3K/AKT/mTOR  Signaling,-3.021020e-01,-1.138243e+00,2.193476e-01,3.302799e-01,1.000000e+00,29/105,21.30%,HSP90B1;ACTR2;MAPK10;ACTR3;CLTC;PIKFYVE;NCK1;TBK1;PTPN11;ITPR2;CXCR4;RPS6KA3;NGF;PRKAA2;IRAK4;RALB;MAP3K7;MAP2K6;CDK1;PPP2R1B;SMAD2;DUSP3;STAT2;PLCB1;CAB39;ARPC3;CAMK4;AP2M1;MAPKAP1
prerank,Interferon Alpha Response,-3.054988e-01,-1.122629e+00,2.723112e-01,3.500311e-01,1.000000e+00,36/94,29.17%,C1S;PARP9;PNPT1;NMI;ELF1;EIF2AK2;PARP14;IL7;LGALS3BP;SAMD9;CCRL2;NUB1;IFIT2;TRIM5;TDRD7;IFIH1;NCOA7;LAP3;CASP8;STAT2;DDX60;TXNIP;PLSCR1;CD74;SAMD9L;RIPK2;RTP4;SP110;IFITM3;IFI44L;CXCL10;SELL;ADAR;IFITM2;EPSTI1;MX1
prerank,Myc Targets V2,2.693851e-01,1.118529e+00,2.184466e-01,4.330276e-01,6.710000e-01,18/57,19.67%,MAP3K6;TMEM97;RRP9;PPRC1;RABEPK;WDR74;RCL1;HK2;IPO4;NOP2;IMP4;SLC29A2;TBRG4;NOP16;MRTO4;DCTPP1;CDK4;FARSA
prerank,heme Metabolism,2.154685e-01,1.099126e+00,1.857143e-01,4.320994e-01,7.180000e-01,41/190,14.27%,NFE2;SLC25A37;BLVRB;GYPC;PIGQ;FOXJ2;SEC14L1;CCND3;SLC25A38;SIDT2;HEBP1;HTRA2;HMBS;ABCB6;EPOR;ALDH6A1;EZH1;PPP2R5B;RCL1;PRDX2;HAGH;HBB;FN3K;FBXO7;TNS1;TMCC2;RANBP10;RAP1GAP;HBD;LRP10;NARF;IGSF3;OSBP2;PGLS;MAP2K3;DMTN;SNCA;ALDH1L1;ADIPOR1;KLF3;MYL4
prerank,Fatty Acid Metabolism,2.190933e-01,1.080912e+00,2.105263e-01,4.334098e-01,7.540000e-01,32/156,12.81%,FASN;CYP4A22;ADIPOR2;CA4;ACSL1;HSD17B4;PTPRG;ACAT2;CYP4A11;MAOA;DHCR24;ACADL;KMT5A;ACOT8;HMGCS1;SDHC;ADSL;CBR3;PRDX6;PSME1;IDI1;GABARAPL1;NSDHL;HMGCS2;HSD17B10;GLUL;MDH2;CRAT;TP53INP2;D2HGDH;BPHL;CIDEA
prerank,Apical Surface,2.725721e-01,1.078534e+00,3.206751e-01,3.908587e-01,7.580000e-01,9/42,8.42%,ADIPOR2;PCSK9;IL2RB;SHROOM2;GATA3;EPHB4;RTN4RL1;HSPB1;FLOT2
prerank,IL-2/STAT5 Signaling,-2.700841e-01,-1.072933e+00,3.174098e-01,4.561101e-01,1.000000e+00,68/195,27.17%,TNFRSF21;F2RL2;NRP1;PENK;IL2RA;SPP1;TWSG1;TLR7;MYO1E;SELP;SYT11;ITIH5;CDC42SE2;ITGAV;IRF8;ANXA4;ADAM19;SWAP70;CTSZ;ITGA6;PHTF2;TGM2;CCND2;WLS;IKZF2;NCS1;MAP6;SNX14;TTC39B;NT5E;IRF4;GALM;CDC6;EEF1AKMT1;IGF1R;LTB;TNFRSF9;RHOH;RABGAP1L;ODC1;CD86;EOMES;CTLA4;XBP1;ABCB1;ARL4A;IL10RA;ICOS;UMPS;PLSCR1;LRRC8C;PRNP;CD79B;COL6A1;BCL2;COCH;PHLDA1;IFITM3;SNX9;CCNE1;GADD45B;CASP3;CXCL10;CCR4;CD48;ECM1;SELL;ALCAM
prerank,Inflammatory Response,-2.652366e-01,-1.039245e+00,3.914439e-01,5.275460e-01,1.000000e+00,42/196,17.27%,OSMR;IL1R1;PCDH7;SERPINE1;APLNR;IFNAR1;TLR1;ABI1;MSR1;ITGB8;CYBB;CMKLR1;GNAI3;HIF1A;ATP2C1;ACVR2A;CXCL9;NMI;CCR7;EIF2AK2;SLC4A4;CCL2;MET;NLRP3;KCNA3;IL6;CALCRL;CCRL2;ATP2B1;KCNMB2;PTGER4;TPBG;CLEC5A;TIMP1;CCL24;CCL22;INHBA;TNFRSF9;HAS2;ATP2A2;DCBLD2;C3AR1
prerank,DNA Repair,2.083176e-01,1.037065e+00,2.900000e-01,4.705592e-01,8.600000e-01,49/145,21.55%,STX3;MRPL40;DGUOK;ALYREF;TAF1C;POLD4;NELFE;POLR2H;NPR2;NELFB;TAF10;ADA;TARBP2;EDF1;NME4;POLR2K;GTF2H5;POM121;CANT1;ERCC1;ERCC2;POLR2F;IMPDH2;GTF2A2;ELL;AK1;POLR2C;ADRM1;POLR1D;NME1;EIF1B;SUPT4H1;ADCY6;VPS28;POLR2G;RFC2;POLR2A;POLL;BRF2;TAF12;POLR2E;VPS37D;MPG;RBX1;VPS37B;COX17;POLR2I;GTF3C5;BCAM
prerank,Estrogen Response Early,2.026704e-01,1.020410e+00,3.684211e-01,4.748954e-01,8.890000e-01,47/195,16.85%,FASN;RPS6KA2;BLVRB;WFS1;CHPT1;DHRS2;ABCA3;RAB17;GAB2;ISG20L2;SH3BP5;P2RY2;SCNN1A;RHOD;NCOR2;SEMA3B;ESRP2;CLDN7;MLPH;SYNGR1;TFF3;KLF4;SCARB1;ASB13;AMFR;SLC26A2;CANT1;KAZN;CD44;DHCR7;SLC37A1;KDM4B;MICB;NXT1;WWC1;GLA;CBFA2T3;ITPK1;KRT13;KCNK15;TTC39A;ELF3;SLC1A1;SLC19A2;KLK10;MYB;FOS
prerank,Adipogenesis,-2.443426e-01,-9.815963e-01,5.262032e-01,6.592429e-01,1.000000e+00,46/193,21.00%,COL4A1;COL15A1;ENPP2;PDCD4;SSPN;SPARCL1;ITSN1;DLD;NDUFA5;ACADM;ITIH5;GADD45A;DLAT;GBE1;STOM;PRDX3;RIOK3;G3BP2;CHUK;HIBCH;MYLK;SOD1;CCNG2;ATL2;C3;RNF11;GPD2;ME1;PTCD3;AIFM1;ITGA7;NKIRAS1;IDH1;LAMA4;DBT;TANK;ANGPT1;ARL4A;PPM1B;IMMT;PTGER3;NABP1;UBC;HADH;IDH3A;AK2
prerank,Xenobiotic Metabolism,-2.443833e-01,-9.742587e-01,5.561497e-01,6.574662e-01,1.000000e+00,44/197,20.15%,IGF1;IGFBP4;IL1R1;SERPINE1;ABCD2;PTGDS;FMO1;TMEM176B;CROT;TDO2;ALDH3A1;TGFB2;IRF8;SLC35D1;SSR3;KYNU;BCAT1;GCLC;MTHFD1;MAN1A1;GART;ACOX2;CYP2S1;HACL1;PDLIM5;FMO3;PTGES3;CFB;UGDH;ETFDH;ADH7;IDH1;SLC6A6;HPRT1;ATP2A2;CYFIP2;GSTA3;PYCR1;FAS;GSR;PTS;AOX1;PTGR1;SAR1B
prerank,Pperoxisome,-2.546474e-01,-9.563259e-01,5.469293e-01,6.815699e-01,1.000000e+00,19/104,12.30%,ABCD2;SEMA3C;ACSL4;CRABP2;PABPC1;ABCC5;VPS4B;TOP2A;ABCD3;MSH2;CNBP;GNPAT;ESR2;SCGB1A1;ALDH1A1;SOD1;SLC27A2;ATXN1;SMARCC1
prerank,Hypoxia,-2.266876e-01,-9.016937e-01,7.099893e-01,7.873434e-01,1.000000e+00,32/195,16.21%,TGFB3;SERPINE1;ETS1;PAM;UGP2;CP;RBPJ;ERO1A;HSPA5;GBE1;VLDLR;COL5A1;CXCR4;IGFBP3;GPC4;IL6;CCNG2;TGM2;PGM2;SLC2A5;PGF;LXN;TMEM45A;DCN;PFKP;DTNA;TPBG;AKAP12;HS3ST1;HDLBP;TES;SLC6A6
prerank,Pancreas Beta Cells,2.338955e-01,8.972079e-01,6.419214e-01,8.070059e-01,9.880000e-01,40/40,76.67%,ABCC8;STXBP1;GCK;SPCS1;FOXA2;MAFB;ISL1;IAPP;VDR;INS;LMO2;DCX;PAX4;CHGA;G6PC2;GCG;PAX6;HNF1A;FOXO1;INSM1;PKLR;SST;SEC11A;PDX1;SCGN;SRPRB;SYT13;NKX2-2;NKX6-1;SLC2A2;SRP14;PCSK1;NEUROD1;ELP4;PCSK2;NEUROG3;AKT3;SRP9;PAK3;DPP4
prerank,Estrogen Response Late,-2.150879e-01,-8.501823e-01,7.944915e-01,8.740098e-01,1.000000e+00,19/196,6.58%,MDK;IGFBP4;PRSS23;PDCD4;CXCL12;CXCL14;SNX10;HSPA4L;MYOF;NRIP1;DYNLT3;RAB31;FRK;TRIM29;TOP2A;PRKAR2B;RABEP1;IL6ST;ADD3
prerank,Oxidative Phosphorylation,-2.038109e-01,-8.137665e-01,8.724324e-01,9.114164e-01,1.000000e+00,29/185,14.92%,ATP6V1C1;DLD;LDHB;NDUFA5;NNT;SUCLA2;ACADM;DLAT;MDH1;PRDX3;ATP6V1D;OPA1;ATP6V1H;LRPPRC;OAT;PDHA1;HSPA9;FH;TOMM70;MAOB;ACADSB;NDUFS1;HCCS;MTRF1;SLC25A12;CASP7;TIMM17A;ETFDH;AIFM1
prerank,TNF-alpha Signaling via NF-kB,-1.927824e-01,-7.738271e-01,9.232409e-01,9.447539e-01,1.000000e+00,39/198,20.23%,GEM;SERPINE1;TNC;PMEPA1;DRAM1;DNAJB4;GADD45A;PLEK;RELB;IL6ST;CCL2;BIRC3;MCL1;KYNU;NFE2L2;IL6;B4GALT1;CXCL1;CCRL2;ATP2B1;PDLIM5;MARCKS;IFIT2;PTGER4;F2RL1;PLK2;SOCS3;IFIH1;INHBA;TNFRSF9;CCNL1;IL23A;ZBTB10;ICAM1;MSC;TANK;LITAF;PDE4B;CD69
prerank,Bile Acid Metabolism,-2.024712e-01,-7.524487e-01,9.194476e-01,9.451030e-01,1.000000e+00,18/112,17.51%,DIO2;ABCD2;CROT;CYP7B1;PEX1;ABCD3;GNPAT;ALDH1A1;SOD1;SLC27A2;ATXN1;HACL1;GCLM;PNPLA8;CYP39A1;IDH1;OPTN;EFHC1
prerank,UV Response Up,-1.932145e-01,-7.471144e-01,9.318681e-01,9.254472e-01,1.000000e+00,24/155,14.93%,HNRNPU;ATP6V1C1;FMO1;HSPA13;IGFBP2;GLS;CDC5L;EIF2S3;RAB27A;IL6ST;PPT1;PLCL1;IL6;CTSV;EPCAM;PPAT;TFRC;EIF5;PARP2;PDLIM3;AMD1;RPN1;POLG2;DDX21
prerank,KRAS Signaling Dn,1.205622e-01,6.178243e-01,1.000000e+00,9.940025e-01,9.990000e-01,32/195,18.56%,PNMT;MTHFR;CNTFR;MEFV;MAST3;FGFR3;LFNG;IDUA;EFHD1;RYR1;ARPP21;YPEL1;ZBTB16;EGF;RGS11;SLC25A23;COQ8A;EDN1;NR6A1;KMT2D;OXT;KRT13;TFAP2B;IRS4;ADRA2C;TCF7L1;SNN;THRB;CACNA1F;PDE6B;PLAG1;CPB1
