gene,organ,gtex_tissue,instrument_source,n_snps_tested,tier,PP0,PP1,PP2,PP3,PP4,coloc_classification
LUM,Skin,Skin_Sun_Exposed_Lower_leg,GTEx_Skin_Sun_Exposed_Lower_leg,95,Standard (>=50 SNPs),0.0075214401012257,0.4998483126164801,6.385261159400113e-4,0.04198418023677517,0.4500075409295792,No Signal / Inconclusive (PP4 < 0.50)
CCL5,Skin,Skin_Not_Sun_Exposed_Suprapubic,GTEx_Skin_Not_Sun_Exposed_Suprapubic,29,Exploratory (20-49 SNPs - lower confidence),0.20385306787416807,0.37148232560459493,0.006302384370612092,0.011077577600909317,0.40728464454971547,No Signal / Inconclusive (PP4 < 0.50)
CCL4,Skin,Skin_Not_Sun_Exposed_Suprapubic,GTEx_Skin_Not_Sun_Exposed_Suprapubic,56,Standard (>=50 SNPs),0.14560902427541525,0.5980858729421603,0.003519384766948209,0.014217227233652227,0.23856849078182396,No Signal / Inconclusive (PP4 < 0.50)
CCL4,Skin,Skin_Sun_Exposed_Lower_leg,GTEx_Skin_Sun_Exposed_Lower_leg,72,Standard (>=50 SNPs),3.253695810123602e-5,0.7482738431824896,1.0708390891542328e-6,0.02439949837153513,0.2272930506487845,No Signal / Inconclusive (PP4 < 0.50)
CTSS,Lung,Lung,GTEx_Lung,867,Standard (>=50 SNPs),2.2755802522053584e-7,0.6585451289132235,5.87559081912551e-8,0.16986599675631123,0.17158858801653154,No Signal / Inconclusive (PP4 < 0.50)
MDK,Lung,Lung,GTEx_Lung,186,Standard (>=50 SNPs),1.5491559279314153e-5,0.7910913153614441,8.705473140512371e-7,0.044290730976339114,0.16460159155562276,No Signal / Inconclusive (PP4 < 0.50)
TGM2,Lung,Lung,GTEx_Lung,125,Standard (>=50 SNPs),3.632253813083202e-4,0.8646366351834422,1.7451237893070738e-6,0.004023189230592846,0.13097520508086705,No Signal / Inconclusive (PP4 < 0.50)
SDC3,Skin,Skin_Sun_Exposed_Lower_leg,GTEx_Skin_Sun_Exposed_Lower_leg,61,Standard (>=50 SNPs),0.06178510390290199,0.8057031992293407,5.753029239071403e-4,0.007377628283282882,0.12455876566056741,No Signal / Inconclusive (PP4 < 0.50)
PDGFD,Lung,Lung,GTEx_Lung,148,Standard (>=50 SNPs),1.2638390549003898e-8,0.86984416568026,1.229713347024445e-10,0.00834175553344962,0.121814066024927,No Signal / Inconclusive (PP4 < 0.50)
LTB,Skin,Skin_Sun_Exposed_Lower_leg,GTEx_Skin_Sun_Exposed_Lower_leg,4,Minimal (<20 SNPs - very low confidence),0.8001807252548855,0.07542811802820715,0.0066821277621708875,5.126867649846142e-4,0.11719634218975185,No Signal / Inconclusive (PP4 < 0.50)
FMOD,Skin,Skin_Not_Sun_Exposed_Suprapubic,GTEx_Skin_Not_Sun_Exposed_Suprapubic,44,Exploratory (20-49 SNPs - lower confidence),5.448744325578654e-6,0.8835984184465367,1.9460892225007625e-8,0.0030425319886150685,0.11335358135963096,No Signal / Inconclusive (PP4 < 0.50)
MDK,Skin,Skin_Not_Sun_Exposed_Suprapubic,GTEx_Skin_Not_Sun_Exposed_Suprapubic,191,Standard (>=50 SNPs),0.01866691268218941,0.8570594491794373,3.57595892150288e-4,0.01631080007064177,0.10760524217558119,No Signal / Inconclusive (PP4 < 0.50)
FMOD,Skin,Skin_Sun_Exposed_Lower_leg,GTEx_Skin_Sun_Exposed_Lower_leg,94,Standard (>=50 SNPs),1.8441497422098694e-9,0.9039080799902998,1.2570627511780976e-11,0.006071459554858445,0.09002045859812326,No Signal / Inconclusive (PP4 < 0.50)
SPARCL1,Skin,Skin_Sun_Exposed_Lower_leg,GTEx_Skin_Sun_Exposed_Lower_leg,199,Standard (>=50 SNPs),1.531734841257295e-11,0.9042509581510405,1.7366321992378303e-13,0.010166526974455466,0.08558251485901455,No Signal / Inconclusive (PP4 < 0.50)
TGM2,Skin,Skin_Sun_Exposed_Lower_leg,GTEx_Skin_Sun_Exposed_Lower_leg,133,Standard (>=50 SNPs),0.0013622086800296458,0.9162734288440272,1.3008437879933537e-5,0.008676295599428417,0.07367505843863464,No Signal / Inconclusive (PP4 < 0.50)
TGFB3,Skin,Skin_Sun_Exposed_Lower_leg,GTEx_Skin_Sun_Exposed_Lower_leg,11,Minimal (<20 SNPs - very low confidence),0.005387426347637256,0.9263728075924331,4.545896373929875e-6,7.141499012189851e-4,0.06752107026233714,No Signal / Inconclusive (PP4 < 0.50)
AEBP1,Skin,Skin_Not_Sun_Exposed_Suprapubic,GTEx_Skin_Not_Sun_Exposed_Suprapubic,59,Standard (>=50 SNPs),8.970459714291876e-6,0.9333784194691155,2.3355126200191555e-8,0.0023658595855376927,0.06424672713050715,No Signal / Inconclusive (PP4 < 0.50)
LAMC3,Skin,Skin_Sun_Exposed_Lower_leg,GTEx_Skin_Sun_Exposed_Lower_leg,88,Standard (>=50 SNPs),7.630229833304826e-5,0.9301744149146918,5.489177235539161e-7,0.0066285422287288,0.06312019164052234,No Signal / Inconclusive (PP4 < 0.50)
COL6A3,Lung,Lung,GTEx_Lung,141,Standard (>=50 SNPs),0.04140158691974134,0.9012180090689761,3.398559394072439e-4,0.00734819540648276,0.04969235266539245,No Signal / Inconclusive (PP4 < 0.50)
MDK,Skin,Skin_Sun_Exposed_Lower_leg,GTEx_Skin_Sun_Exposed_Lower_leg,128,Standard (>=50 SNPs),0.05367892012967038,0.8901123679443608,3.896752024661462e-4,0.00641224922865553,0.049406787494847296,No Signal / Inconclusive (PP4 < 0.50)
CTSS,Skin,Skin_Sun_Exposed_Lower_leg,GTEx_Skin_Sun_Exposed_Lower_leg,570,Standard (>=50 SNPs),7.011021289525571e-11,0.9162777192379522,2.6380171218003394e-12,0.034427227151366487,0.04929505353793425,No Signal / Inconclusive (PP4 < 0.50)
LTBP4,Skin,Skin_Sun_Exposed_Lower_leg,GTEx_Skin_Sun_Exposed_Lower_leg,4,Minimal (<20 SNPs - very low confidence),0.5626517710278699,0.38982674909746223,2.854994753101433e-4,1.5071973713573427e-4,0.047085260662222045,No Signal / Inconclusive (PP4 < 0.50)
TGM2,Skin,Skin_Not_Sun_Exposed_Suprapubic,GTEx_Skin_Not_Sun_Exposed_Suprapubic,129,Standard (>=50 SNPs),7.143700011500635e-5,0.9541284849669388,3.847656517120604e-7,0.005098314365661063,0.04070137890163355,No Signal / Inconclusive (PP4 < 0.50)
LAMC3,Skin,Skin_Not_Sun_Exposed_Suprapubic,GTEx_Skin_Not_Sun_Exposed_Suprapubic,35,Exploratory (20-49 SNPs - lower confidence),0.011081569297110665,0.9461824506110613,3.6683363856573825e-5,0.00309254485769644,0.03960675187027476,No Signal / Inconclusive (PP4 < 0.50)
COLEC11,Skin,Skin_Not_Sun_Exposed_Suprapubic,GTEx_Skin_Not_Sun_Exposed_Suprapubic,134,Standard (>=50 SNPs),5.2733244310865305e-8,0.9561207033480827,3.255590389800343e-10,0.005864784456400144,0.038014459136712773,No Signal / Inconclusive (PP4 < 0.50)
COLEC11,Lung,Lung,GTEx_Lung,62,Standard (>=50 SNPs),2.2687122184003523e-9,0.9621253096429042,4.9550217932340045e-12,0.0020655379658529207,0.03580915011757436,No Signal / Inconclusive (PP4 < 0.50)
COL1A1,Skin,Skin_Not_Sun_Exposed_Suprapubic,GTEx_Skin_Not_Sun_Exposed_Suprapubic,7,Minimal (<20 SNPs - very low confidence),0.2823270791270828,0.6844737189981435,8.889402124848383e-5,1.8258692793053378e-4,0.03292772092559471,No Signal / Inconclusive (PP4 < 0.50)
SERPINF2,Skin,Skin_Not_Sun_Exposed_Suprapubic,GTEx_Skin_Not_Sun_Exposed_Suprapubic,49,Exploratory (20-49 SNPs - lower confidence),1.6142686956266273e-9,0.9662871258294964,2.8215919923748555e-12,0.0016569243460658196,0.03205594820734665,No Signal / Inconclusive (PP4 < 0.50)
SERPINF2,Skin,Skin_Sun_Exposed_Lower_leg,GTEx_Skin_Sun_Exposed_Lower_leg,32,Exploratory (20-49 SNPs - lower confidence),5.195327887192506e-11,0.9668164822272551,7.198748035063508e-14,0.0013077640925609308,0.031875753628157956,No Signal / Inconclusive (PP4 < 0.50)
SVEP1,Skin,Skin_Not_Sun_Exposed_Suprapubic,GTEx_Skin_Not_Sun_Exposed_Suprapubic,19,Minimal (<20 SNPs - very low confidence),0.5179303046860697,0.45008862866302385,6.428969426626117e-4,5.278760791833088e-4,0.030810293629060594,No Signal / Inconclusive (PP4 < 0.50)
COLEC11,Skin,Skin_Sun_Exposed_Lower_leg,GTEx_Skin_Sun_Exposed_Lower_leg,120,Standard (>=50 SNPs),2.2339197115017164e-9,0.965920614052996,1.2197584931325917e-11,0.0052452581644275974,0.02883412553645777,No Signal / Inconclusive (PP4 < 0.50)
AEBP1,Skin,Skin_Sun_Exposed_Lower_leg,GTEx_Skin_Sun_Exposed_Lower_leg,40,Exploratory (20-49 SNPs - lower confidence),4.754095962295539e-7,0.9693470201144812,9.064977037868577e-10,0.0018194907376255223,0.02883301283180016,No Signal / Inconclusive (PP4 < 0.50)
SPARCL1,Skin,Skin_Not_Sun_Exposed_Suprapubic,GTEx_Skin_Not_Sun_Exposed_Suprapubic,190,Standard (>=50 SNPs),4.5776989111255265e-11,0.961740938786255,4.940188420332772e-13,0.010351065242364291,0.027907995925109255,No Signal / Inconclusive (PP4 < 0.50)
SERPINF2,Lung,Lung,GTEx_Lung,18,Minimal (<20 SNPs - very low confidence),2.2714211635524924e-10,0.9729247332939447,1.919846379750836e-13,7.960544251231747e-4,0.02627921205359853,No Signal / Inconclusive (PP4 < 0.50)
LTBP2,Skin,Skin_Not_Sun_Exposed_Suprapubic,GTEx_Skin_Not_Sun_Exposed_Suprapubic,202,Standard (>=50 SNPs),7.896290266466444e-10,0.9657185033635721,6.671224699097262e-12,0.008132777707576623,0.026148718132550347,No Signal / Inconclusive (PP4 < 0.50)
CTSS,Skin,Skin_Not_Sun_Exposed_Suprapubic,GTEx_Skin_Not_Sun_Exposed_Suprapubic,680,Standard (>=50 SNPs),1.4204269350370715e-11,0.9363508177890174,5.698904233180075e-13,0.0375412847477791,0.026107897448429646,No Signal / Inconclusive (PP4 < 0.50)
LTBP2,Skin,Skin_Sun_Exposed_Lower_leg,GTEx_Skin_Sun_Exposed_Lower_leg,92,Standard (>=50 SNPs),2.0446349217029825e-10,0.9701574285719614,7.979770221499762e-13,0.0037602333885142173,0.02608233783426393,No Signal / Inconclusive (PP4 < 0.50)
LUM,Lung,Lung,GTEx_Lung,14,Minimal (<20 SNPs - very low confidence),0.6925599418658663,0.28291598287152364,9.146207588223714e-4,3.5037042478312677e-4,0.023259084079004556,No Signal / Inconclusive (PP4 < 0.50)
COL15A1,Skin,Skin_Sun_Exposed_Lower_leg,GTEx_Skin_Sun_Exposed_Lower_leg,39,Exploratory (20-49 SNPs - lower confidence),0.2948729741600677,0.6825769845116875,3.549190761390121e-4,8.001777799414787e-4,0.0213949444721644,No Signal / Inconclusive (PP4 < 0.50)
CCL4,Lung,Lung,GTEx_Lung,93,Standard (>=50 SNPs),3.3738561957442553e-7,0.9776325123738763,6.893456079974316e-10,0.001977106707285874,0.020390042843873094,No Signal / Inconclusive (PP4 < 0.50)
VWF,Skin,Skin_Sun_Exposed_Lower_leg,GTEx_Skin_Sun_Exposed_Lower_leg,7,Minimal (<20 SNPs - very low confidence),0.6172988516557802,0.36268417040440915,2.518030800235613e-4,1.2830604560832407e-4,0.01963686881417881,No Signal / Inconclusive (PP4 < 0.50)
SEMA7A,Skin,Skin_Not_Sun_Exposed_Suprapubic,GTEx_Skin_Not_Sun_Exposed_Suprapubic,24,Exploratory (20-49 SNPs - lower confidence),0.3301905635978414,0.6507634415772577,2.3811955218736554e-4,4.509463048975215e-4,0.018356928967816037,No Signal / Inconclusive (PP4 < 0.50)
COL15A1,Lung,Lung,GTEx_Lung,146,Standard (>=50 SNPs),3.424721332449447e-9,0.9790145074877439,1.635475871164027e-11,0.004658957817708564,0.01632653125347195,No Signal / Inconclusive (PP4 < 0.50)
SDC3,Skin,Skin_Not_Sun_Exposed_Suprapubic,GTEx_Skin_Not_Sun_Exposed_Suprapubic,4,Minimal (<20 SNPs - very low confidence),0.7586326483197511,0.22568218663650855,2.0752277552444034e-4,4.6303670910871564e-5,0.015431338597304984,No Signal / Inconclusive (PP4 < 0.50)
SFRP4,Skin,Skin_Not_Sun_Exposed_Suprapubic,GTEx_Skin_Not_Sun_Exposed_Suprapubic,16,Minimal (<20 SNPs - very low confidence),0.5709164985889417,0.4143986194963838,3.121125869311547e-4,2.1238592498276605e-4,0.014160383402760593,No Signal / Inconclusive (PP4 < 0.50)
LTBP4,Lung,Lung,GTEx_Lung,18,Minimal (<20 SNPs - very low confidence),0.24759652315139008,0.737872823740757,9.862130151447938e-5,2.797532145195817e-4,0.014152278591818732,No Signal / Inconclusive (PP4 < 0.50)
SPP1,Liver,Liver,GTEx_Liver,139,Standard (>=50 SNPs),0.00667116742995887,0.9788021476333685,1.448525521470338e-5,0.002112895715538114,0.012399303965920117,No Signal / Inconclusive (PP4 < 0.50)
LAMC3,Lung,Lung,GTEx_Lung,24,Exploratory (20-49 SNPs - lower confidence),0.42423622529137384,0.5629014759820532,2.929406923724587e-4,3.764980114331228e-4,0.012192860022767423,No Signal / Inconclusive (PP4 < 0.50)
COLEC11,Liver,Liver,GTEx_Liver,4,Minimal (<20 SNPs - very low confidence),0.3765893657055474,0.6118911243016529,3.26370274514855e-5,4.15841093154706e-5,0.011445288856032762,No Signal / Inconclusive (PP4 < 0.50)
CTSS,Liver,Liver,GTEx_Liver,125,Standard (>=50 SNPs),1.0700817233177004e-9,0.9857519579048805,3.1951933025112142e-12,0.002932074229677779,0.011315966792164674,No Signal / Inconclusive (PP4 < 0.50)
COL1A1,Lung,Lung,GTEx_Lung,3,Minimal (<20 SNPs - very low confidence),0.44020693872766276,0.5503769754756503,2.352640238949812e-5,2.0041807931491674e-5,0.0093725175863659,No Signal / Inconclusive (PP4 < 0.50)
PRELP,Skin,Skin_Not_Sun_Exposed_Suprapubic,GTEx_Skin_Not_Sun_Exposed_Suprapubic,3,Minimal (<20 SNPs - very low confidence),0.8844907818029443,0.10619607345231834,2.2658841842235024e-4,1.8136838974681e-5,0.009068419487340466,No Signal / Inconclusive (PP4 < 0.50)
SPARCL1,Lung,Lung,GTEx_Lung,4,Minimal (<20 SNPs - very low confidence),0.8915997368083924,0.10045081308553112,2.6857127829371067e-4,2.2599921227729268e-5,0.007658278906555152,No Signal / Inconclusive (PP4 < 0.50)
COL3A1,Lung,Lung,GTEx_Lung,4,Minimal (<20 SNPs - very low confidence),0.8803961175353219,0.11192301895893267,2.3362171893505422e-4,2.2274900658456253e-5,0.00742496688615208,No Signal / Inconclusive (PP4 < 0.50)
PRELP,Skin,Skin_Sun_Exposed_Lower_leg,GTEx_Skin_Sun_Exposed_Lower_leg,6,Minimal (<20 SNPs - very low confidence),0.8275346945748853,0.16607228316343436,1.9649126975706006e-4,3.3269228504557963e-5,0.006163261763418767,No Signal / Inconclusive (PP4 < 0.50)
LTBP2,Lung,Lung,GTEx_Lung,6,Minimal (<20 SNPs - very low confidence),0.62135572363503,0.3726562908346995,5.910460936145401e-5,2.954848538938011e-5,0.005899332435519644,No Signal / Inconclusive (PP4 < 0.50)
PLXND1,Skin,Skin_Sun_Exposed_Lower_leg,GTEx_Skin_Sun_Exposed_Lower_leg,4,Minimal (<20 SNPs - very low confidence),0.9074538043576509,0.08716828104777845,2.0565322816639217e-4,1.459699234246433e-5,0.0051576643740617,No Signal / Inconclusive (PP4 < 0.50)
COL1A2,Lung,Lung,GTEx_Lung,1,Untestable (<3 SNPs),NA,NA,NA,NA,NA,Untestable / Error
COL3A1,Liver,Liver,GTEx_Liver,2,Untestable (<3 SNPs),NA,NA,NA,NA,NA,Untestable / Error
F13A1,Liver,Liver,GTEx_Liver,2,Untestable (<3 SNPs),NA,NA,NA,NA,NA,Untestable / Error
GDF15,Skin,Skin_Not_Sun_Exposed_Suprapubic,GTEx_Skin_Not_Sun_Exposed_Suprapubic,2,Untestable (<3 SNPs),NA,NA,NA,NA,NA,Untestable / Error
MFAP4,Lung,Lung,GTEx_Lung,1,Untestable (<3 SNPs),NA,NA,NA,NA,NA,Untestable / Error
PDGFD,Liver,Liver,GTEx_Liver,2,Untestable (<3 SNPs),NA,NA,NA,NA,NA,Untestable / Error
PDGFD,Skin,Skin_Not_Sun_Exposed_Suprapubic,GTEx_Skin_Not_Sun_Exposed_Suprapubic,1,Untestable (<3 SNPs),NA,NA,NA,NA,NA,Untestable / Error
SDC3,Lung,Lung,GTEx_Lung,1,Untestable (<3 SNPs),NA,NA,NA,NA,NA,Untestable / Error
THBS1,Lung,Lung,GTEx_Lung,2,Untestable (<3 SNPs),NA,NA,NA,NA,NA,Untestable / Error
THBS1,Skin,Skin_Sun_Exposed_Lower_leg,GTEx_Skin_Sun_Exposed_Lower_leg,2,Untestable (<3 SNPs),NA,NA,NA,NA,NA,Untestable / Error
