,COL15A1,COL1A1,SERPINE2,SERPINF2,stage,label
GSM3998167,4.052007907314526,3.4657155485265707,1.2986397199648256,10.104092562357405,2,1
GSM3998169,4.986556558800344,4.421427008904538,1.9155844305775218,9.82179228434788,2,1
GSM3998171,4.03306538406049,3.7869366694471256,1.0392881816513886,9.916813626233594,0,0
GSM3998172,4.5862809879561,3.827362202347469,2.002916234816194,9.881627128506906,1,1
GSM3998174,3.907001930722079,3.373124640842228,1.177428134797553,9.986837667562668,2,1
GSM3998175,4.727800634465058,2.8347936728337224,2.306658309063925,10.090594294395496,0,0
GSM3998176,4.773773693656908,2.7341363133716734,1.7525455736691424,9.798719674606144,2,1
GSM3998177,4.955758030946463,3.1434711461942255,1.9019355210282538,9.941922954575046,1,1
GSM3998178,4.354343272732216,3.359793384526761,2.0457078228629566,9.743684887592131,2,1
GSM3998180,5.6144909018704645,3.064143371803014,2.059392874385248,9.830385941767156,2,1
GSM3998181,4.553809797463412,3.0592976964150616,1.5465839509146517,9.886548290599622,1,1
GSM3998182,4.036992169338687,2.4748222759368077,1.858861642574518,9.784959164858007,2,1
GSM3998183,4.760661955116056,2.6436353535681834,1.77362688766093,9.474796788150613,1,1
GSM3998184,4.943025961250847,3.9823014930943654,1.8043280601095997,9.412084559306033,2,1
GSM3998186,5.40196484556402,2.381294944943296,1.461624987300244,9.65074944820102,2,1
GSM3998187,5.436253113158617,4.593826316256919,2.586723290421833,9.420849932580017,2,1
GSM3998189,4.633993794931509,2.9784717672640273,1.7815779884637055,9.823205913785811,0,0
GSM3998192,4.8402428078814435,2.942835690689416,2.0475754353053,10.311977323260729,1,1
GSM3998194,5.305642023899429,2.5698118651154296,2.1509373294826473,9.49605098815606,1,1
GSM3998196,5.134601914722368,4.503992425419753,1.5004387083589372,10.323501368720809,1,1
GSM3998197,3.847893625619003,3.897746484323888,1.5807642003136484,9.925218221438397,1,1
GSM3998198,3.7902323249962397,2.9899465308186497,1.1434440776067203,10.09981373303886,1,1
GSM3998199,5.4517582403414835,4.984293723587863,2.183734992611507,10.007207723418835,2,1
GSM3998202,4.148416318413876,4.799589111659976,1.0382643007856023,10.460268595523067,0,0
GSM3998204,4.57720619389932,4.690993341034895,1.6798174684673024,10.28444054236077,1,1
GSM3998205,4.622850575951176,2.455439224955419,1.2917313940980806,9.907662513131507,1,1
GSM3998206,4.5343808912154975,2.680934656966017,1.0317893364345436,9.913723775119342,0,0
GSM3998211,4.929762100211625,4.235537819416225,1.7434538489641556,9.684092089498224,2,1
GSM3998212,4.421070439027479,2.9271352022603296,1.7931111148015488,9.598949534288392,1,1
GSM3998213,5.552373174635685,3.752867650544,2.139770001727079,9.857333156346327,0,0
GSM3998215,4.797002418568679,4.1051378336283575,1.6406433388468233,9.401544389020218,2,1
GSM3998216,4.647395338653404,3.105471358701284,1.5067229052353757,9.66013647185767,0,0
GSM3998217,4.154937447822201,2.9833968635539594,1.6002222278822473,9.53098931370698,0,0
GSM3998218,4.121166190768727,4.30750291266894,1.669522512320717,10.541001015502543,0,0
GSM3998219,4.59777607891614,2.49641684720482,2.182873199133321,10.136133909961034,0,0
GSM3998220,3.6742211635928497,2.7508170999482147,1.5625448057392612,9.82201199608712,0,0
GSM3998221,3.3350684910318966,3.3749192273940345,1.379405322203306,9.210702186810167,0,0
GSM3998222,3.711626671215762,2.6336166777742487,1.0987040745403087,10.192150082682645,0,0
GSM3998223,4.116784714214302,2.894285602852238,2.5157179641764627,9.7713811435353,0,0
GSM3998224,3.2410730334163977,3.705933613175033,2.4206324774117736,9.652993591271802,1,1
GSM3998228,5.203628809483762,4.034230947732969,1.6232985410367193,9.85937043796492,1,1
GSM3998231,4.3918262193915485,3.690782023538846,1.9271839950676828,9.4504623411675,1,1
GSM3998232,3.868212962005287,3.988873870938934,0.8630836283077538,11.101189580801655,1,1
GSM3998234,4.363942307703032,4.796471069937297,1.692633993037352,9.61856558208846,1,1
GSM3998235,4.6150901210876505,3.823747991141867,2.083061571977012,9.583712295395756,2,1
GSM3998236,5.16273212833938,5.187472861774722,1.5153946287050748,9.932853430597834,1,1
GSM3998237,5.00650975387944,4.306214514384368,1.4370022962040254,9.471857784731592,2,1
GSM3998238,4.73735152805837,5.00162440782104,1.5606704265644138,10.455076859184112,2,1
GSM3998240,4.961640419477345,4.56195396991645,2.348570374735757,10.164905467153103,2,1
GSM3998243,5.40702939178911,5.262152653533717,1.6500052474133537,9.960776015088943,2,1
GSM3998244,5.682219893051609,3.4046286169705686,2.5555990196632403,10.397160188904433,0,0
GSM3998245,4.78948652668362,4.758014506334473,1.7768746567126235,9.811996507898384,2,1
GSM3998246,4.582961532797429,4.427778422212472,1.3556983057871628,10.097792464531855,2,1
GSM3998247,3.422370168628135,3.401654092427927,1.3727296255337227,10.20725298011775,0,0
GSM3998248,5.522879131061043,5.7134711544784755,2.2116385838640658,9.569260712151879,2,1
GSM3998249,4.431919147553447,2.5779371168728153,1.8908271115150004,9.425323575441581,0,0
GSM3998252,4.6223095419342854,4.351194648940893,1.7531668481229936,9.966748064013654,2,1
GSM3998254,4.4929453294664246,4.03378044823339,2.118290211772299,10.050553638054682,0,0
GSM3998255,4.614421937640384,3.2324378714502275,2.278646899087354,9.470653454917718,1,1
GSM3998256,4.410154102255566,4.9257635968310005,1.8278361511035763,10.299873937965431,2,1
GSM3998257,5.148204421568986,5.207592679291988,1.9379007676575617,9.721986837662778,2,1
GSM3998259,3.836003730086198,3.1900390229384104,0.40605144163579354,9.739641478896274,2,1
GSM3998260,4.643583362608424,3.763529283505242,1.1634197125589365,10.10233798059194,2,1
GSM3998263,5.1838356036006665,3.2596532370701987,1.9813138316489505,9.716067628418887,2,1
GSM3998264,4.060612820398037,3.6196174327682007,1.958691628802671,9.350092520506957,2,1
GSM3998266,4.363662747312711,2.612658293625613,2.0859045064663793,9.875216558957858,0,0
GSM3998267,4.847784438236906,3.2848431001109892,1.1326864968582857,9.988062268288234,0,0
GSM3998269,4.866936408346836,3.3739967220027793,1.884854769355385,9.690004780099274,2,1
GSM3998270,4.997904961793817,2.8995859436779767,1.9664138147680243,9.729387437239126,0,0
GSM3998271,3.575290157677292,3.2964185929337635,1.5224955011738301,9.764421408106339,1,1
GSM3998272,4.015198675361981,2.968321632559236,1.4697657288048334,10.619049373718058,0,0
GSM3998273,4.28174837701059,2.9131357720296918,1.5823959031313735,10.217617907167558,1,1
GSM3998276,4.469593904140154,4.735755403803238,1.821847609573523,9.597636272400733,0,0
GSM3998277,4.060699731421193,4.152784442979479,1.1477234485994685,9.771876812816915,2,1
GSM3998278,4.582498777265457,4.206472283764821,0.8970945785765909,10.787977873241589,2,1
GSM3998279,4.785200791801649,4.01811944002986,2.4224908449083733,10.078218012597727,1,1
GSM3998281,4.587671544866412,4.554674473453886,1.4184415681864126,9.924113975652418,0,0
GSM3998283,4.111211456116757,3.8168934556011322,1.8819452046425078,10.228420642646444,1,1
GSM3998284,3.6708667729414897,3.929251984126134,0.8490136049996599,10.655456889037316,2,1
GSM3998286,5.165342557508924,2.4570427195321582,2.1849658932742866,9.773784249057423,0,0
GSM3998287,4.227536246071642,2.3162119774748655,2.499640802411976,9.729201235057173,2,1
GSM3998288,4.594023205498917,2.4634408628192963,1.6855386196119178,9.800091615231532,0,0
GSM3998289,4.651789809637815,3.2004548968501214,1.9097617841322543,9.77557227067323,0,0
GSM3998290,4.218149853110357,4.619897072103418,2.2005089316863145,9.946093401612917,0,0
GSM3998291,5.089449423499534,3.944162795348605,2.0100810459349256,10.014925214888324,1,1
GSM3998292,4.473103643827919,3.2610829794647787,2.0345535682242484,9.891045731586956,1,1
GSM3998293,4.9711022816158685,3.5437787262222407,1.9262623770163383,10.358976946501215,0,0
GSM3998294,3.8004752876571333,3.401714001312022,2.148897128087723,9.927806368619246,1,1
GSM3998295,4.3967243298904535,2.7705946992706005,1.6515404271796337,9.440910671863609,1,1
GSM3998296,4.9444255690314085,2.7050764972717563,2.0004716492923222,9.412609596438578,1,1
GSM3998297,3.779080961109271,3.081808773445316,1.4341691043802551,9.026433507005537,2,1
GSM3998299,5.25280454620472,3.0323763349625126,2.2649050746746098,10.048861465186318,2,1
GSM3998300,4.689881400686984,2.812478267501728,1.8639883708976595,9.523304963020314,1,1
GSM3998302,3.5891865316819773,4.5891764795319,1.244972609000042,10.148234816952439,1,1
GSM3998303,4.453174136256382,3.5789538489631547,1.6584824560843123,10.59421279352647,0,0
GSM3998304,2.9992753734132043,3.440276937839561,1.0065034048923627,10.505923394461282,0,0
GSM3998305,4.916164578906766,2.995234012793308,1.508913867769955,10.225177346519148,0,0
GSM3998306,4.231602927603244,2.6548990419657486,1.9824937650136591,10.016975634298753,1,1
GSM3998307,4.1263558666087325,3.4567528593806593,1.80152777059604,10.09354261349081,0,0
GSM3998310,4.202322348432401,2.8842502321622643,1.8435813190890988,9.792238281555969,1,1
GSM3998311,4.955726464196579,2.98510796661751,1.4301424965552154,9.582544421449096,1,1
GSM3998312,4.224971716741036,4.35870389017777,1.8901160691416035,9.927521916777184,2,1
GSM3998313,4.733764052612692,5.470295586629674,1.8130675731986217,10.07654594062704,2,1
GSM3998315,4.618918679909281,2.849322228836205,1.448749280563365,9.774000524290352,1,1
GSM3998316,4.372372969744256,3.407980167669894,1.163882226072802,9.579446039457407,1,1
GSM3998317,3.9985126351662115,3.0630499175380224,1.309289198310923,9.35823432679429,1,1
GSM3998318,4.209162872132016,4.089348156599576,1.4990341714819453,9.559364545034867,2,1
GSM3998320,5.043635786068254,3.754285113367842,0.9880639557511335,9.971923823191693,1,1
GSM3998321,4.8812844961214985,3.117543390799728,1.5673518666533426,9.923564896660364,0,0
GSM3998323,4.492088590329312,2.6954816188518063,1.2889183614570991,9.538092679072818,0,0
GSM3998325,4.196347083951941,2.3379539294550558,1.2124354408747726,10.025285952789986,0,0
GSM3998326,5.47614737992174,3.5213801929390818,1.1800371014156537,10.039124482749902,0,0
GSM3998331,4.382730069208697,3.138550722399707,0.7875794060637502,10.228368721780626,1,1
GSM3998335,4.901573629493673,4.568621984121403,1.7602522817853323,10.232936277772732,2,1
GSM3998336,4.52771926431932,3.821618988907413,1.697445566840945,10.136369807705995,0,0
GSM3998337,4.0858867390671705,2.624911547991573,1.396239993613363,10.010713755546886,2,1
GSM3998339,4.167713417186617,3.6478509346964865,1.4226446011855254,10.78834175575737,0,0
GSM3998341,4.579079133298726,3.9406409908421343,1.8380005278290772,10.52292599848903,2,1
GSM3998342,4.788780499848966,4.205611030030873,0.8231726249411551,10.286598731407295,0,0
GSM3998343,4.420482042677399,5.918013128928506,2.131990504704805,10.250618719776071,2,1
GSM3998344,4.091409734351063,3.952323758346934,1.332966849918594,10.356063608835191,1,1
GSM3998345,3.075533864941463,4.97801716010029,1.84819827799294,10.682144506259974,0,0
GSM3998346,4.012157055595236,5.217107360703373,1.423153574884208,10.785349647214995,0,0
GSM3998347,4.211893002196737,6.453275553400594,1.3241835354336802,10.595116732055319,2,1
GSM3998348,4.2776419914238915,6.006957119631458,1.3489552401308915,10.545786863423976,2,1
GSM3998349,3.3272994386494603,4.562835092217688,1.5395079253142854,10.516155376461308,0,0
GSM3998350,4.116271395039541,6.473635108706488,1.8532327279326204,10.196849364844722,2,1
GSM3998351,4.643395614280079,6.514030341045367,1.2070529976223274,10.63000830035405,1,1
GSM3998352,3.769285028988658,5.170876347387296,1.4938208103539514,10.248784840437215,1,1
GSM3998353,3.857672606398085,4.82450711484666,1.21137509081964,10.65398509997385,0,0
GSM3998355,4.955768027046791,7.503448996178351,1.5355429533038731,10.223766630444342,2,1
GSM3998356,4.361172065661194,5.6361689914771365,1.4251770089920406,10.512318493241576,2,1
GSM3998357,4.417629454882144,6.035867482083234,1.8263804585103736,10.365546436959445,1,1
GSM3998358,4.95200752681383,5.299730765575589,1.914365965013534,10.033470234904554,1,1
GSM3998360,3.2890390716718323,6.205485582589599,0.5193547505457461,10.825335245217607,2,1
GSM3998361,3.2318344936602954,4.320422307616452,1.0305548032074041,10.687561888266204,0,0
GSM3998362,5.4123262671115056,8.536563399311877,2.11606271434781,10.201225398061757,2,1
GSM3998363,3.7927085581922677,5.6355358230708354,1.6377549935823175,10.566692525271382,1,1
GSM3998366,3.7751272079972336,4.785021311866722,1.0728202970147607,10.457837439490746,0,0
GSM3998367,4.64531493772911,6.871399616696385,1.2216830421602176,10.585609735007957,1,1
GSM3998368,3.7797494732137085,5.200784276244681,1.3092520922182347,10.454286659887085,2,1
GSM3998370,4.3839317938156315,4.939485306231883,1.3444014644551563,9.968089800381678,2,1
GSM3998371,4.397712454796642,5.73872199860728,2.4455283345672605,9.465591090941654,2,1
GSM3998375,4.73413731343458,4.754751765616926,1.612933094842614,10.036758825078575,1,1
GSM3998376,5.094514662072422,6.706750693742364,2.0125157643709617,9.57105918764653,2,1
GSM3998377,5.101620441961412,5.197079501427331,2.41321044154177,9.636212708691822,1,1
GSM3998380,4.819198591466478,5.069627225397394,1.959337541867405,9.93465964520491,1,1
GSM3998381,4.432617770186424,5.959316075811034,1.5264752499431036,10.152996884743718,2,1
